,KRAS_GRCh37_12:25398284-25398284_Missense-Mutation_SNP_C-C-A_C-C-T_C-C-G,PPP2R1A_GRCh37_19:52716323-52716323_Missense-Mutation_SNP_C-C-T_C-C-A,PTEN_GRCh37_10:89692904-89692904_Nonsense-Mutation_SNP_C-C-T,PIK3CA_GRCh37_3:178952085-178952085_Missense-Mutation_SNP_A-A-T_A-A-G,BCOR_GRCh37_X:39921444-39921444_Missense-Mutation_SNP_T-T-C,PTEN_GRCh37_10:89717672-89717672_Nonsense-Mutation_SNP_C-C-T,TP53_GRCh37_17:7577094-7577094_Missense-Mutation_SNP_G-G-A,TP53_GRCh37_17:7577538-7577538_Missense-Mutation_SNP_C-C-T,AGAP5_GRCh37_10:75434061-75434061_3'UTR_SNP_C-C-A,EPHB3_GRCh37_3:184300079-184300079_3'UTR_SNP_C-C-T,PALM2-AKAP2_GRCh37_9:112934335-112934335_3'Flank_SNP_C-C-T,NKX2-2_GRCh37_20:21492085-21492085_3'UTR_SNP_T-T-A,SERPINB3_GRCh37_18:61324080-61324080_Silent_SNP_G-G-A,FBXW7_GRCh37_4:153249385-153249385_Missense-Mutation_SNP_G-G-A,CTNNB1_GRCh37_3:41266101-41266101_Missense-Mutation_SNP_C-C-A_C-C-T_C-C-G,PIK3CA_GRCh37_3:178917478-178917478_Missense-Mutation_SNP_G-G-A,C15orf40_GRCh37_15:83673489-83673489_3'UTR_SNP_A-A-T,SET_GRCh37_9:131457395-131457395_3'UTR_SNP_C-C-T,TMC1_GRCh37_9:75441850-75441850_Missense-Mutation_SNP_C-C-T,POU2F3_GRCh37_11:120190075-120190075_3'Flank_SNP_G-G-A,TP53_GRCh37_17:7578508-7578508_Missense-Mutation_SNP_C-C-T,ELK1_GRCh37_X:47496220-47496220_3'UTR_SNP_G-G-A,PTEN_GRCh37_10:89692792-89692792_Missense-Mutation_SNP_C-C-G_C-C-A,PIK3CA_GRCh37_3:178921553-178921553_Missense-Mutation_SNP_T-T-A,PDE3A_GRCh37_12:20833452-20833452_3'UTR_SNP_G-G-A,SET_GRCh37_9:131457476-131457476_3'UTR_SNP_G-G-T,PTEN_GRCh37_10:89692923-89692923_Missense-Mutation_SNP_G-G-A_G-G-T,VEGFA_GRCh37_6:43753880-43753880_3'Flank_SNP_G-G-A,class
SA599123,0,0,0,0,0,1,0,0,1,0,1,0,0,0,0,0,1,1,0,0,0,0,0,0,0,1,1,0,1
SA601545,0,0,1,0,0,0,0,0,0,1,0,0,0,0,0,0,0,0,0,1,0,0,0,0,0,0,0,1,1
SA599157,0,0,0,0,0,0,0,0,0,0,0,0,0,0,1,0,0,0,0,0,0,0,0,0,0,0,0,0,1
SA598013,0,0,1,0,1,0,0,1,0,0,0,0,0,0,0,0,0,0,0,0,0,0,0,0,0,0,0,0,1
SA599154,0,0,0,0,0,0,0,0,0,0,0,0,0,0,1,0,0,0,0,0,0,0,0,0,0,0,0,0,1
SA599118,1,0,0,0,0,1,0,0,0,0,0,0,0,0,0,0,0,0,1,0,0,0,0,0,0,0,1,0,1
SA598001,0,0,1,0,1,0,0,1,0,0,0,0,0,0,0,0,0,0,0,0,0,0,0,0,0,0,0,0,1
SA601548,0,0,1,0,0,0,0,0,1,1,1,1,0,0,0,0,0,0,0,0,1,1,0,0,1,0,0,1,1
SA599177,0,0,0,0,0,0,0,1,0,0,0,0,0,0,0,0,0,0,0,0,0,0,0,0,0,0,0,0,1
SA599175,0,0,0,0,0,0,0,1,0,0,0,0,0,0,0,0,0,0,0,0,0,0,0,0,0,0,0,0,1
SA599136,0,0,0,0,0,0,0,0,0,0,0,0,0,1,0,0,0,0,0,0,0,0,0,0,0,0,0,0,1
SA599132,0,0,0,0,0,0,0,0,0,0,0,0,0,1,0,0,0,0,0,0,0,0,0,0,0,0,0,0,1
SA599088,0,0,0,0,0,0,0,0,0,0,0,0,0,0,0,0,0,0,0,0,0,0,0,0,0,0,0,0,2
SA599112,0,0,0,0,0,0,1,0,0,0,0,0,0,0,0,0,0,0,0,0,0,0,0,1,0,0,0,0,2
SA599107,0,0,0,0,0,0,1,0,0,0,0,0,0,0,0,0,0,0,0,0,0,0,0,1,0,0,0,0,2
SA598003,0,1,0,0,0,0,0,0,0,0,0,0,0,0,0,0,0,0,0,0,0,0,0,0,0,0,0,0,2
SA598002,0,1,0,0,0,0,0,0,0,0,0,0,0,0,0,0,0,0,0,0,0,0,0,0,0,0,0,0,2
SA598027,0,0,0,1,0,0,0,0,0,0,0,0,0,0,0,0,0,0,0,0,0,0,0,0,0,0,0,0,2
SA598017,0,0,0,0,0,0,0,0,0,0,0,0,1,0,0,0,0,0,0,0,0,0,1,0,0,0,0,0,2
SA599092,0,0,0,0,0,0,0,0,0,0,0,0,0,0,0,0,0,0,0,0,0,0,0,0,0,0,0,0,2
SA598018,0,0,0,0,0,0,0,0,0,0,0,0,1,0,0,0,0,0,0,0,0,0,1,0,0,0,0,0,2
SA599098,0,0,0,0,0,0,0,0,0,0,0,0,0,0,0,1,0,0,0,0,0,0,0,0,0,0,0,0,2
SA599102,0,0,0,0,0,0,0,0,0,0,0,0,0,0,0,1,0,0,0,0,0,0,0,0,0,0,0,0,2
SA598014,0,0,0,0,0,0,0,0,0,0,0,0,0,0,0,0,0,0,0,0,0,0,0,0,0,0,0,0,2
SA598012,0,0,0,0,0,0,0,0,0,0,0,0,0,0,0,0,0,0,0,0,0,0,0,0,0,0,0,0,2
SA598025,0,0,0,1,0,0,0,0,0,0,0,0,0,0,0,0,0,0,0,0,0,0,0,0,0,0,0,0,2
SA599146,0,0,0,0,0,0,0,0,0,0,0,0,0,0,0,0,0,0,0,0,0,0,0,0,0,0,0,0,-1
SA598040,0,0,0,0,0,0,0,0,0,0,0,0,0,0,0,0,0,0,0,0,0,0,0,0,0,0,0,0,-1
SA599143,0,0,0,0,0,0,0,0,0,0,0,0,0,0,0,0,0,0,0,0,0,0,0,0,0,0,0,0,-1
SA598046,0,0,0,0,0,0,0,0,0,0,0,0,0,0,0,0,0,0,0,0,0,0,0,0,0,0,0,0,-1
SA598029,0,0,0,0,0,0,0,0,0,0,0,0,0,0,0,0,0,0,0,0,0,0,0,0,0,0,0,0,-1
SA598026,0,0,0,0,0,0,0,0,0,0,0,0,0,0,0,0,0,0,0,0,0,0,0,0,0,0,0,0,-1
SA599169,0,0,0,0,0,0,0,0,0,0,0,0,0,0,0,0,0,0,0,0,0,0,0,0,0,0,0,0,-1
SA599166,0,0,0,0,0,0,0,0,0,0,0,0,0,0,0,0,0,0,0,0,0,0,0,0,0,0,0,0,-1
SA598067,0,0,0,0,0,0,0,0,0,0,0,0,0,0,0,0,0,0,0,0,0,0,0,0,0,0,0,0,-1
SA598062,0,0,0,0,0,0,0,0,0,0,0,0,0,0,0,0,0,0,0,0,0,0,0,0,0,0,0,0,-1
SA599104,0,0,0,0,0,0,0,0,0,0,0,0,0,0,0,0,0,0,0,0,0,0,0,0,0,0,0,0,-1
SA599094,0,0,0,0,0,0,0,0,0,0,0,0,0,0,0,0,0,0,0,0,0,0,0,0,0,0,0,0,-1
