Seperator Type,parameters,Mutation Amount,Cross Fold,TP,FP,FN,TN,Accuracy Test set,Accuracy Validation Set,Sensitivity,Specificity,Precision,Miss Rate,False discovery rate,False omission rate,roc_auc,fpr,tpr,thresholds
Chi>3.84,"{'max_features': 'log2', 'max_samples': 0.75, 'n_estimators': 1000}",739,7,6,2,2,15,0.888932806,0.84,0.75,0.882352941,0.75,0.25,0.25,0.117647059,0.882352941,"[0.         0.         0.         0.05882353 0.05882353 0.11764706
 0.11764706 0.17647059 0.41176471 0.52941176 0.52941176 0.82352941
 0.94117647 1.        ]","[0.    0.125 0.375 0.375 0.5   0.5   0.875 0.875 0.875 0.875 1.    1.
 1.    1.   ]","[1.96427826e+00 9.64278263e-01 8.93151363e-01 8.11935842e-01
 7.99442268e-01 7.92260298e-01 2.52989003e-01 1.70522751e-01
 6.05313412e-02 2.36290175e-02 2.23539889e-02 4.12536132e-03
 7.40740741e-05 0.00000000e+00]"
Chi>3.84,"{'max_features': 'sqrt', 'max_samples': 0.65, 'n_estimators': 1000}",739,6,7,2,3,13,0.888339921,0.8,0.7,0.866666667,0.777777778,0.3,0.222222222,0.1875,0.906666667,"[0.         0.         0.         0.06666667 0.06666667 0.13333333
 0.13333333 0.13333333 0.2        0.2        0.53333333 0.66666667
 1.        ]",[0.  0.1 0.2 0.2 0.5 0.5 0.7 0.9 0.9 1.  1.  1.  1. ],"[1.7954552  0.7954552  0.75162975 0.59286846 0.53961164 0.52137477
 0.51175139 0.44462545 0.34122728 0.27924505 0.1360122  0.12009367
 0.02702066]"
Chi>3.84,"{'max_features': 'log2', 'max_samples': 0.65, 'n_estimators': 50}",739,9,10,0,4,11,0.880434783,0.84,0.714285714,1,1,0.285714286,0,0.266666667,0.957792208,"[0.         0.         0.         0.18181818 0.18181818 0.27272727
 0.54545455 0.72727273 1.        ]","[0.         0.07142857 0.85714286 0.85714286 0.92857143 0.92857143
 1.         1.         1.        ]","[1.94137931 0.94137931 0.34979901 0.28388081 0.28317176 0.18573333
 0.11000159 0.01093122 0.        ]"
Chi>3.84,"{'max_features': 'auto', 'max_samples': 0.65, 'n_estimators': 1000}",739,2,10,3,2,10,0.876086957,0.8,0.833333333,0.769230769,0.769230769,0.166666667,0.230769231,0.166666667,0.871794872,"[0.         0.         0.         0.15384615 0.15384615 0.23076923
 0.23076923 0.30769231 0.30769231 0.38461538 0.69230769 1.        ]","[0.         0.08333333 0.5        0.5        0.75       0.75
 0.83333333 0.83333333 0.91666667 0.91666667 1.         1.        ]","[1.92855714e+00 9.28557143e-01 7.18404376e-01 6.68525649e-01
 6.07435429e-01 5.83297462e-01 5.61221938e-01 4.92446626e-01
 2.95688470e-01 1.22059291e-01 1.03625830e-01 3.38095238e-04]"
Forest,"{'max_features': 'log2', 'max_samples': 0.65, 'n_estimators': 1000}",174,0,6,1,5,13,0.867193676,0.76,0.545454545,0.928571429,0.857142857,0.454545455,0.142857143,0.277777778,0.899350649,"[0.         0.         0.         0.07142857 0.07142857 0.14285714
 0.14285714 0.57142857 0.78571429 1.        ]","[0.         0.09090909 0.54545455 0.54545455 0.72727273 0.72727273
 0.90909091 0.90909091 1.         1.        ]","[1.98002941 0.98002941 0.67929544 0.65022873 0.45300351 0.31950098
 0.29678201 0.042045   0.03680122 0.        ]"
Chi>3.84,"{'max_features': 'log2', 'max_samples': 0.65, 'n_estimators': 100}",739,8,9,0,4,12,0.866600791,0.84,0.692307692,1,1,0.307692308,0,0.25,0.932692308,"[0.         0.         0.         0.08333333 0.08333333 0.5
 0.5        0.66666667 0.83333333 1.        ]","[0.         0.07692308 0.76923077 0.76923077 0.84615385 0.92307692
 1.         1.         1.         1.        ]","[1.88846459 0.88846459 0.46       0.34970071 0.26794245 0.10947649
 0.09395895 0.02344973 0.02       0.        ]"
Pval<0.05,"{'max_features': 'log2', 'max_samples': 0.75, 'n_estimators': 50}",845,2,7,3,1,14,0.866007905,0.84,0.875,0.823529412,0.7,0.125,0.3,0.066666667,0.889705882,"[0.         0.         0.         0.05882353 0.05882353 0.11764706
 0.11764706 0.29411765 0.88235294 1.        ]",[0.    0.125 0.5   0.5   0.625 0.625 0.875 0.875 1.    1.   ],"[1.98       0.98       0.8725     0.83028571 0.82854741 0.77288726
 0.54677778 0.15310239 0.11749428 0.        ]"
Chi>3.84,"{'max_features': 'log2', 'max_samples': 0.65, 'n_estimators': 100}",739,0,5,2,0,18,0.862450593,0.92,1,0.9,0.714285714,0,0.285714286,0,0.95,[0.   0.   0.   0.05 0.05 0.1  0.1  0.15 0.35 0.5  0.6  0.9  1.  ],[0.  0.2 0.4 0.4 0.6 0.6 1.  1.  1.  1.  1.  1.  1. ],"[1.96283333 0.96283333 0.95277778 0.78772761 0.61964997 0.58322917
 0.54170748 0.35596032 0.12379591 0.06986098 0.06303971 0.00347619
 0.        ]"
Chi>3.84,"{'max_features': 'log2', 'max_samples': 0.75, 'n_estimators': 100}",739,5,12,1,2,10,0.861067194,0.88,0.857142857,0.909090909,0.923076923,0.142857143,0.076923077,0.166666667,0.896103896,"[0.         0.09090909 0.09090909 0.09090909 0.18181818 0.18181818
 0.36363636 0.81818182 1.        ]","[0.         0.         0.14285714 0.85714286 0.85714286 1.
 1.         1.         1.        ]","[1.95071795e+00 9.50717949e-01 9.30000000e-01 6.05023810e-01
 4.50122051e-01 2.75097828e-01 1.08466673e-01 9.30232558e-04
 0.00000000e+00]"
Chi>3.84,"{'max_features': 'log2', 'max_samples': 0.75, 'n_estimators': 100}",739,3,12,0,0,13,0.858102767,1,1,1,1,0,0,0,1,"[0.         0.         0.         0.07692308 0.61538462 0.84615385
 1.        ]","[0.         0.08333333 1.         1.         1.         1.
 1.        ]","[1.95       0.95       0.5088989  0.40939495 0.14292741 0.01311965
 0.        ]"
Chi>15.36,"{'max_features': 'log2', 'max_samples': 0.75, 'n_estimators': 1000}",196,7,7,4,4,10,0.857905138,0.68,0.636363636,0.714285714,0.636363636,0.363636364,0.363636364,0.285714286,0.746753247,"[0.         0.         0.07142857 0.07142857 0.14285714 0.14285714
 0.21428571 0.21428571 0.28571429 0.28571429 0.42857143 0.42857143
 0.71428571 0.85714286 1.        ]","[0.         0.09090909 0.09090909 0.27272727 0.27272727 0.36363636
 0.36363636 0.63636364 0.63636364 0.72727273 0.72727273 0.81818182
 1.         1.         1.        ]","[1.98015094 0.98015094 0.97700144 0.9257488  0.90000678 0.82408738
 0.82180357 0.56231631 0.52675235 0.44057384 0.18019228 0.14997848
 0.1250977  0.01777728 0.        ]"
Forest,"{'max_features': 'log2', 'max_samples': 0.65, 'n_estimators': 50}",174,4,5,1,4,15,0.857312253,0.8,0.555555556,0.9375,0.833333333,0.444444444,0.166666667,0.210526316,0.895833333,"[0.     0.     0.     0.0625 0.0625 0.1875 0.1875 0.3125 0.375  0.75
 0.8125 1.    ]","[0.         0.11111111 0.44444444 0.44444444 0.77777778 0.77777778
 0.88888889 0.88888889 0.88888889 1.         1.         1.        ]","[1.88       0.88       0.72       0.58655131 0.40173109 0.24
 0.20996859 0.02515376 0.02297998 0.01835119 0.0152733  0.        ]"
Chi>7.68,"{'max_features': 'log2', 'max_samples': 0.65, 'n_estimators': 50}",383,0,10,2,3,10,0.854347826,0.8,0.769230769,0.833333333,0.833333333,0.230769231,0.166666667,0.230769231,0.935897436,"[0.         0.         0.         0.08333333 0.08333333 0.16666667
 0.16666667 0.25       0.25       0.41666667 0.66666667 1.        ]","[0.         0.07692308 0.61538462 0.61538462 0.69230769 0.69230769
 0.92307692 0.92307692 1.         1.         1.         1.        ]","[1.96       0.96       0.81091654 0.72356854 0.59733042 0.57951825
 0.47454034 0.44127902 0.28       0.16425308 0.02512821 0.        ]"
Chi>15.36,"{'max_features': 'auto', 'max_samples': 0.75, 'n_estimators': 50}",196,6,10,4,2,9,0.853359684,0.76,0.833333333,0.692307692,0.714285714,0.166666667,0.285714286,0.181818182,0.897435897,"[0.         0.         0.         0.15384615 0.15384615 0.30769231
 0.30769231 0.38461538 0.84615385 1.        ]","[0.         0.08333333 0.58333333 0.75       0.83333333 0.83333333
 0.91666667 0.91666667 1.         1.        ]","[2.         1.         0.81014286 0.69847619 0.69180584 0.526
 0.1547054  0.14261821 0.14014491 0.00825201]"
Chi>3.84,"{'max_features': 'log2', 'max_samples': 0.65, 'n_estimators': 1000}",739,4,7,0,3,15,0.853162055,0.88,0.7,1,1,0.3,0,0.166666667,0.933333333,"[0.         0.         0.         0.13333333 0.53333333 0.86666667
 1.        ]",[0.  0.1 0.8 0.8 1.  1.  1. ],"[1.94261667 0.94261667 0.40946019 0.25051384 0.08339657 0.0044531
 0.        ]"
Pval<0.05,"{'max_features': 'log2', 'max_samples': 0.75, 'n_estimators': 100}",845,6,9,0,4,12,0.852964427,0.84,0.692307692,1,1,0.307692308,0,0.25,0.916666667,"[0.         0.         0.         0.08333333 0.08333333 0.91666667
 1.        ]","[0.         0.07692308 0.76923077 0.76923077 0.84615385 1.
 1.        ]","[1.91373764 0.91373764 0.36333516 0.20399896 0.18393497 0.09442651
 0.        ]"
Chi>3.84,"{'max_features': 'log2', 'max_samples': 0.65, 'n_estimators': 50}",739,1,8,0,2,15,0.849209486,0.92,0.8,1,1,0.2,0,0.117647059,0.986666667,"[0.         0.         0.         0.06666667 0.06666667 0.2
 0.46666667 0.73333333 1.        ]",[0.  0.1 0.8 0.8 1.  1.  1.  1.  1. ],"[1.9826087  0.9826087  0.53654286 0.45280952 0.39063181 0.2637037
 0.13382939 0.01113445 0.        ]"
Chi>7.68,"{'max_features': 'log2', 'max_samples': 0.65, 'n_estimators': 50}",383,1,9,2,5,9,0.849209486,0.72,0.642857143,0.818181818,0.818181818,0.357142857,0.181818182,0.357142857,0.873376623,"[0.         0.         0.         0.09090909 0.09090909 0.18181818
 0.18181818 0.27272727 0.72727273 0.81818182 1.        ]","[0.         0.07142857 0.35714286 0.35714286 0.5        0.5
 0.92857143 0.92857143 1.         1.         1.        ]","[1.9427027  0.9427027  0.86181818 0.78707834 0.67684389 0.62162162
 0.38898413 0.3596801  0.16040243 0.03826246 0.        ]"
Pval<0.01,"{'max_features': 'sqrt', 'max_samples': 0.75, 'n_estimators': 50}",326,1,9,3,1,12,0.849011858,0.84,0.9,0.8,0.75,0.1,0.25,0.076923077,0.913333333,"[0.         0.         0.         0.06666667 0.06666667 0.06666667
 0.2        0.2        0.86666667 1.        ]",[0.  0.1 0.3 0.3 0.5 0.7 0.7 1.  1.  1. ],"[1.96378378 0.96378378 0.88387097 0.86567001 0.79941585 0.70264097
 0.69406954 0.29618253 0.16136267 0.        ]"
Pval<0.01,"{'max_features': 'auto', 'max_samples': 0.75, 'n_estimators': 100}",326,9,3,1,5,16,0.848814229,0.76,0.375,0.941176471,0.75,0.625,0.25,0.238095238,0.860294118,"[0.         0.         0.         0.05882353 0.05882353 0.11764706
 0.82352941 1.        ]",[0.    0.125 0.375 0.375 0.75  0.75  1.    1.   ],"[1.87368535 0.87368535 0.80393555 0.69216813 0.31719005 0.28213095
 0.14555971 0.        ]"
Forest,"{'max_features': 'log2', 'max_samples': 0.65, 'n_estimators': 1000}",174,3,10,0,4,11,0.848814229,0.84,0.714285714,1,1,0.285714286,0,0.266666667,0.987012987,"[0.         0.         0.         0.09090909 0.09090909 0.45454545
 0.54545455 1.        ]","[0.         0.07142857 0.85714286 0.85714286 1.         1.
 1.         1.        ]","[1.87794983 0.87794983 0.25294051 0.1847472  0.03719775 0.03651633
 0.01383206 0.        ]"
Pval<0.005,"{'max_features': 'log2', 'max_samples': 0.75, 'n_estimators': 1000}",147,0,9,2,4,10,0.848616601,0.76,0.692307692,0.833333333,0.818181818,0.307692308,0.181818182,0.285714286,0.846153846,"[0.         0.         0.         0.25       0.25       0.91666667
 1.        ]","[0.         0.07692308 0.69230769 0.69230769 0.76923077 1.
 1.        ]","[1.996      0.996      0.7288833  0.21532864 0.18498642 0.17508107
 0.        ]"
Pval<0.01,"{'max_features': 'auto', 'max_samples': 0.75, 'n_estimators': 50}",326,6,10,0,5,10,0.848418972,0.8,0.666666667,1,1,0.333333333,0,0.333333333,0.91,[0.  0.  0.  0.9 1. ],[0.         0.06666667 0.8        1.         1.        ],[2.         1.         0.15551653 0.13703552 0.        ]
Chi>15.36,"{'max_features': 'log2', 'max_samples': 0.75, 'n_estimators': 50}",196,3,8,2,4,11,0.848418972,0.76,0.666666667,0.846153846,0.8,0.333333333,0.2,0.266666667,0.887820513,"[0.         0.         0.         0.07692308 0.15384615 0.15384615
 0.23076923 0.61538462 1.        ]","[0.         0.08333333 0.5        0.58333333 0.58333333 0.83333333
 0.83333333 1.         1.        ]","[1.92       0.92       0.69750628 0.66781699 0.66       0.33533333
 0.26619048 0.12297339 0.        ]"
Forest,"{'max_features': 'log2', 'max_samples': 0.75, 'n_estimators': 100}",174,9,6,1,3,15,0.848023715,0.84,0.666666667,0.9375,0.857142857,0.333333333,0.142857143,0.166666667,0.934027778,"[0.     0.     0.     0.0625 0.0625 0.125  0.125  0.1875 0.1875 0.25
 0.5    0.875  1.    ]","[0.         0.11111111 0.33333333 0.33333333 0.66666667 0.77777778
 0.88888889 0.88888889 1.         1.         1.         1.
 1.        ]","[1.99000000e+00 9.90000000e-01 9.20000000e-01 9.10652174e-01
 7.94659507e-01 3.96510787e-01 3.80860520e-01 3.39833333e-01
 2.18484187e-01 1.31832662e-01 3.48586165e-02 5.12987013e-04
 0.00000000e+00]"
Chi>7.68,"{'max_features': 'sqrt', 'max_samples': 0.65, 'n_estimators': 100}",383,6,10,1,4,10,0.845454545,0.8,0.714285714,0.909090909,0.909090909,0.285714286,0.090909091,0.285714286,0.922077922,"[0.         0.         0.         0.09090909 0.09090909 0.18181818
 0.54545455 1.        ]","[0.         0.07142857 0.35714286 0.35714286 0.92857143 0.92857143
 1.         1.        ]","[1.97666667 0.97666667 0.76166515 0.64726817 0.32609566 0.28455715
 0.15547988 0.00476471]"
Pval<0.05,"{'max_features': 'log2', 'max_samples': 0.75, 'n_estimators': 1000}",845,8,7,0,6,12,0.84486166,0.76,0.538461538,1,1,0.461538462,0,0.333333333,0.868589744,"[0.         0.         0.         0.08333333 0.08333333 0.91666667
 1.        ]","[0.         0.07692308 0.53846154 0.61538462 0.76923077 1.
 1.        ]","[1.93983005 0.93983005 0.58678076 0.4982396  0.2433573  0.09020529
 0.        ]"
Pval<0.05,"{'max_features': 'sqrt', 'max_samples': 0.65, 'n_estimators': 50}",845,9,7,1,3,14,0.84486166,0.84,0.7,0.933333333,0.875,0.3,0.125,0.176470588,0.923333333,"[0.         0.         0.         0.06666667 0.06666667 0.66666667
 1.        ]",[0.  0.1 0.3 0.3 0.9 1.  1. ],"[1.82294118 0.82294118 0.63348951 0.58813203 0.40060214 0.11351202
 0.        ]"
Forest,"{'max_features': 'log2', 'max_samples': 0.65, 'n_estimators': 50}",174,5,11,3,3,8,0.84486166,0.76,0.785714286,0.727272727,0.785714286,0.214285714,0.214285714,0.272727273,0.915584416,"[0.         0.         0.         0.09090909 0.09090909 0.27272727
 0.27272727 0.36363636 0.36363636 0.54545455 0.90909091 1.        ]","[0.         0.07142857 0.64285714 0.64285714 0.78571429 0.78571429
 0.85714286 0.85714286 1.         1.         1.         1.        ]","[1.9        0.9        0.76054054 0.7425     0.54218632 0.50170959
 0.46       0.4438959  0.3038959  0.11104678 0.0327362  0.00457726]"
Pval<0.05,"{'max_features': 'log2', 'max_samples': 0.65, 'n_estimators': 50}",845,1,8,2,1,14,0.844466403,0.88,0.888888889,0.875,0.8,0.111111111,0.2,0.066666667,0.958333333,[0.     0.     0.     0.0625 0.0625 0.1875 0.1875 0.75   1.    ],"[0.         0.11111111 0.55555556 0.55555556 0.88888889 0.88888889
 1.         1.         1.        ]","[1.96       0.96       0.8495085  0.84061905 0.55514527 0.24042451
 0.13444986 0.11638534 0.        ]"
Chi>7.68,"{'max_features': 'log2', 'max_samples': 0.65, 'n_estimators': 50}",383,4,4,1,2,18,0.844466403,0.88,0.666666667,0.947368421,0.8,0.333333333,0.2,0.1,0.942982456,"[0.         0.05263158 0.05263158 0.10526316 0.10526316 0.15789474
 0.52631579 0.63157895 0.73684211 0.78947368 1.        ]","[0.         0.16666667 0.83333333 0.83333333 1.         1.
 1.         1.         1.         1.         1.        ]","[1.98       0.98       0.44971608 0.33307815 0.26653026 0.24742857
 0.17138478 0.09696387 0.06017121 0.0495844  0.        ]"
Chi>7.68,"{'max_features': 'sqrt', 'max_samples': 0.75, 'n_estimators': 100}",383,8,5,1,3,16,0.844466403,0.84,0.625,0.941176471,0.833333333,0.375,0.166666667,0.157894737,0.834558824,"[0.         0.         0.         0.23529412 0.64705882 0.88235294
 1.        ]",[0.    0.125 0.625 0.625 1.    1.    1.   ],"[1.89211556e+00 8.92115564e-01 7.62763792e-01 2.22597191e-01
 1.11809272e-01 8.33333333e-04 0.00000000e+00]"
Pval<0.05,"{'max_features': 'log2', 'max_samples': 0.65, 'n_estimators': 1000}",845,5,5,0,7,13,0.844071146,0.72,0.416666667,1,1,0.583333333,0,0.35,0.884615385,"[0.         0.         0.         0.         0.         0.07692308
 0.84615385 1.        ]","[0.         0.08333333 0.5        0.66666667 0.75       0.75
 1.         1.        ]","[1.88779764 0.88779764 0.36853622 0.31688986 0.21361559 0.14048842
 0.08742637 0.        ]"
Forest,"{'max_features': 'log2', 'max_samples': 0.75, 'n_estimators': 100}",174,1,10,3,1,11,0.843675889,0.84,0.909090909,0.785714286,0.769230769,0.090909091,0.230769231,0.083333333,0.980519481,"[0.         0.         0.         0.21428571 0.21428571 0.57142857
 0.71428571 1.        ]","[0.         0.09090909 0.90909091 0.90909091 1.         1.
 1.         1.        ]","[1.98       0.98       0.65579949 0.56571776 0.4102363  0.04016374
 0.00349435 0.        ]"
Pval<0.01,"{'max_features': 'sqrt', 'max_samples': 0.75, 'n_estimators': 100}",326,8,5,0,5,15,0.841106719,0.8,0.5,1,1,0.5,0,0.25,0.953333333,"[0.         0.         0.         0.         0.         0.06666667
 0.86666667 1.        ]",[0.  0.1 0.5 0.7 0.9 0.9 1.  1. ],"[1.95028361 0.95028361 0.76890342 0.43707617 0.31983679 0.20900893
 0.15044975 0.        ]"
Chi>7.68,"{'max_features': 'sqrt', 'max_samples': 0.75, 'n_estimators': 100}",383,3,7,3,4,11,0.840513834,0.72,0.636363636,0.785714286,0.7,0.363636364,0.3,0.266666667,0.87012987,"[0.         0.         0.         0.07142857 0.14285714 0.21428571
 0.21428571 0.28571429 0.28571429 0.42857143 0.57142857 0.64285714
 1.        ]","[0.         0.09090909 0.45454545 0.45454545 0.63636364 0.63636364
 0.72727273 0.72727273 0.81818182 1.         1.         1.
 1.        ]","[1.88642598 0.88642598 0.6675     0.6350235  0.62078571 0.59110915
 0.24103788 0.16078486 0.13414083 0.11605291 0.04496109 0.03692094
 0.        ]"
Pval<0.05,"{'max_features': 'log2', 'max_samples': 0.75, 'n_estimators': 50}",845,7,8,0,2,15,0.840316206,0.92,0.8,1,1,0.2,0,0.117647059,0.956666667,[0.         0.         0.         0.86666667 1.        ],[0.  0.1 0.9 1.  1. ],[1.94666667 0.94666667 0.25299898 0.11622933 0.        ]
Pval<0.01,"{'max_features': 'log2', 'max_samples': 0.75, 'n_estimators': 100}",326,5,6,0,2,17,0.83972332,0.92,0.75,1,1,0.25,0,0.105263158,0.889705882,[0.         0.         0.         0.05882353 0.82352941 1.        ],[0.    0.125 0.75  0.75  1.    1.   ],[1.98248148 0.98248148 0.57872063 0.15767434 0.14099178 0.        ]
Chi>7.68,"{'max_features': 'log2', 'max_samples': 0.75, 'n_estimators': 100}",383,9,6,1,3,15,0.83972332,0.84,0.666666667,0.9375,0.857142857,0.333333333,0.142857143,0.166666667,0.923611111,"[0.     0.     0.     0.0625 0.0625 0.125  0.125  0.1875 0.1875 0.3125
 0.875  1.    ]","[0.         0.11111111 0.44444444 0.44444444 0.66666667 0.66666667
 0.77777778 0.77777778 0.88888889 1.         1.         1.        ]","[1.96191489 0.96191489 0.92       0.81845329 0.76133497 0.19604685
 0.19423984 0.19035491 0.16921848 0.14906237 0.00375068 0.        ]"
Chi>7.68,"{'max_features': 'log2', 'max_samples': 0.75, 'n_estimators': 50}",383,2,8,1,1,15,0.839525692,0.92,0.888888889,0.9375,0.888888889,0.111111111,0.111111111,0.0625,0.979166667,"[0.     0.     0.     0.     0.     0.0625 0.0625 0.125  0.125  0.4375
 1.    ]","[0.         0.11111111 0.22222222 0.44444444 0.77777778 0.77777778
 0.88888889 0.88888889 1.         1.         1.        ]","[1.98       0.98       0.92       0.9        0.75988095 0.67009524
 0.62       0.47019048 0.34356765 0.14937016 0.        ]"
Pval<0.05,"{'max_features': 'auto', 'max_samples': 0.75, 'n_estimators': 50}",845,4,11,1,2,11,0.839328063,0.88,0.846153846,0.916666667,0.916666667,0.153846154,0.083333333,0.153846154,0.96474359,"[0.         0.         0.         0.08333333 0.08333333 0.16666667
 0.16666667 1.        ]","[0.         0.07692308 0.69230769 0.76923077 0.84615385 0.84615385
 1.         1.        ]","[1.98       0.98       0.55105902 0.52105902 0.50185714 0.48954117
 0.15295052 0.11907444]"
Forest,"{'max_features': 'log2', 'max_samples': 0.75, 'n_estimators': 1000}",174,8,7,0,4,14,0.835573123,0.84,0.636363636,1,1,0.363636364,0,0.222222222,0.957792208,"[0.         0.         0.         0.21428571 0.71428571 0.85714286
 1.        ]","[0.         0.09090909 0.90909091 0.90909091 1.         1.
 1.        ]","[1.98113775e+00 9.81137748e-01 3.01646449e-01 6.41982359e-02
 1.87480673e-02 3.04192089e-03 2.90971123e-04]"
TP-2FP>3,"{'max_features': 'sqrt', 'max_samples': 0.75, 'n_estimators': 50}",214,3,9,0,7,9,0.835177866,0.72,0.5625,1,1,0.4375,0,0.4375,0.875,[0. 0. 0. 1.],[0.     0.0625 0.75   1.    ],[1.96       0.96       0.24915133 0.16333198]
Chi>15.36,"{'max_features': 'sqrt', 'max_samples': 0.65, 'n_estimators': 100}",196,9,3,0,3,19,0.834782609,0.88,0.5,1,1,0.5,0,0.136363636,0.947368421,[0.         0.         0.         0.63157895 0.73684211 1.        ],[0.         0.16666667 0.83333333 1.         1.         1.        ],[1.9784058  0.9784058  0.30572001 0.15405267 0.04145839 0.        ]
Pval<0.05,"{'max_features': 'log2', 'max_samples': 0.75, 'n_estimators': 50}",845,3,8,0,3,14,0.83458498,0.88,0.727272727,1,1,0.272727273,0,0.176470588,0.957792208,[0.         0.         0.         0.07142857 0.85714286 1.        ],[0.         0.09090909 0.90909091 0.90909091 1.         1.        ],[1.92659524 0.92659524 0.44506363 0.21663131 0.10775067 0.        ]
Pval<0.01,"{'max_features': 'log2', 'max_samples': 0.65, 'n_estimators': 100}",326,0,4,0,7,14,0.83458498,0.72,0.363636364,1,1,0.636363636,0,0.333333333,0.844155844,[0.         0.         0.         0.07142857 0.78571429 1.        ],[0.         0.09090909 0.63636364 0.63636364 1.         1.        ],[1.91111111 0.91111111 0.24438535 0.18232078 0.12405718 0.        ]
Chi>15.36,"{'max_features': 'log2', 'max_samples': 0.75, 'n_estimators': 100}",196,2,9,1,3,12,0.83201581,0.84,0.75,0.923076923,0.9,0.25,0.1,0.2,0.91025641,"[0.         0.         0.         0.         0.         0.07692308
 0.07692308 0.46153846 0.53846154 0.61538462 0.69230769 1.        ]","[0.         0.08333333 0.25       0.41666667 0.58333333 0.58333333
 0.83333333 0.91666667 0.91666667 1.         1.         1.        ]","[1.91435714 0.91435714 0.87       0.82314725 0.68698918 0.59419711
 0.17713985 0.14063609 0.01022665 0.0065617  0.00630505 0.        ]"
Forest,"{'max_features': 'log2', 'max_samples': 0.65, 'n_estimators': 50}",174,2,5,0,6,14,0.831620553,0.76,0.454545455,1,1,0.545454545,0,0.3,0.928571429,"[0.         0.         0.         0.21428571 0.78571429 0.78571429
 0.85714286 1.        ]","[0.         0.09090909 0.90909091 0.90909091 0.90909091 1.
 1.         1.        ]","[2.00000000e+00 1.00000000e+00 2.26813021e-01 6.00000000e-02
 4.82159843e-02 4.76680924e-02 6.25000000e-04 0.00000000e+00]"
Pval<0.01,"{'max_features': 'log2', 'max_samples': 0.75, 'n_estimators': 50}",326,7,9,1,2,13,0.831027668,0.88,0.818181818,0.928571429,0.9,0.181818182,0.1,0.133333333,0.941558442,"[0.         0.         0.         0.07142857 0.14285714 0.14285714
 0.78571429 1.        ]","[0.         0.09090909 0.72727273 0.81818182 0.81818182 0.90909091
 1.         1.        ]","[1.995      0.995      0.58878929 0.57570258 0.33559199 0.31597555
 0.14740557 0.        ]"
Chi>15.36,"{'max_features': 'sqrt', 'max_samples': 0.75, 'n_estimators': 50}",196,1,8,0,4,13,0.831027668,0.84,0.666666667,1,1,0.333333333,0,0.235294118,0.897435897,"[0.         0.         0.         0.07692308 0.07692308 0.30769231
 0.84615385 1.        ]","[0.         0.08333333 0.75       0.75       0.83333333 0.83333333
 1.         1.        ]","[1.988      0.988      0.44239394 0.38352381 0.36940661 0.21086088
 0.12560704 0.05      ]"
Chi>15.36,"{'max_features': 'sqrt', 'max_samples': 0.75, 'n_estimators': 1000}",196,5,6,1,2,16,0.83083004,0.88,0.75,0.941176471,0.857142857,0.25,0.142857143,0.111111111,0.926470588,"[0.         0.         0.         0.05882353 0.05882353 0.23529412
 0.82352941 1.        ]",[0.    0.125 0.75  0.75  0.875 0.875 1.    1.   ],"[1.97969087 0.97969087 0.905      0.78588521 0.45229587 0.16838567
 0.15083604 0.        ]"
Chi>15.36,"{'max_features': 'sqrt', 'max_samples': 0.65, 'n_estimators': 50}",196,8,11,3,3,8,0.83083004,0.76,0.785714286,0.727272727,0.785714286,0.214285714,0.214285714,0.272727273,0.905844156,"[0.         0.         0.         0.09090909 0.09090909 0.27272727
 0.27272727 0.36363636 0.36363636 0.63636364 0.81818182 1.        ]","[0.         0.07142857 0.57142857 0.64285714 0.71428571 0.71428571
 0.92857143 0.92857143 1.         1.         1.         1.        ]","[2.         1.         0.72579781 0.67554762 0.6324     0.54344828
 0.47873246 0.3537619  0.35333333 0.15051118 0.00859301 0.        ]"
Forest,"{'max_features': 'log2', 'max_samples': 0.75, 'n_estimators': 50}",174,6,5,1,3,16,0.830632411,0.84,0.625,0.941176471,0.833333333,0.375,0.166666667,0.157894737,0.977941176,"[0.         0.         0.         0.05882353 0.05882353 0.11764706
 0.76470588 0.82352941 1.        ]",[0.    0.125 0.625 0.625 1.    1.    1.    1.    1.   ],"[1.96       0.96       0.61177343 0.51666667 0.42499514 0.12745013
 0.03915463 0.01267268 0.        ]"
Pval<0.005,"{'max_features': 'sqrt', 'max_samples': 0.65, 'n_estimators': 50}",147,6,10,0,10,5,0.827272727,0.6,0.5,1,1,0.5,0,0.666666667,0.9,[0. 0. 0. 0. 0. 1.],[0.   0.05 0.5  0.65 0.8  1.  ],[2.         1.         0.597211   0.44320996 0.27111129 0.15328651]
Pval<0.01,"{'max_features': 'auto', 'max_samples': 0.75, 'n_estimators': 100}",326,4,9,1,5,10,0.827075099,0.76,0.642857143,0.909090909,0.9,0.357142857,0.1,0.333333333,0.87987013,"[0.         0.         0.         0.09090909 0.09090909 0.18181818
 0.81818182 1.        ]","[0.         0.07142857 0.64285714 0.64285714 0.78571429 0.78571429
 1.         1.        ]","[1.99       0.99       0.67418892 0.62432029 0.39466867 0.13648047
 0.12379225 0.        ]"
TP-2FP>2,"{'max_features': 'auto', 'max_samples': 0.75, 'n_estimators': 50}",609,6,4,1,7,13,0.827075099,0.68,0.363636364,0.928571429,0.8,0.636363636,0.2,0.35,0.821428571,[0.         0.         0.         0.07142857 0.07142857 1.        ],[0.         0.09090909 0.27272727 0.27272727 0.72727273 1.        ],[1.92995045 0.92995045 0.74709027 0.5977951  0.19461433 0.16046382]
Pval<0.005,"{'max_features': 'log2', 'max_samples': 0.75, 'n_estimators': 100}",147,2,5,1,6,13,0.82687747,0.72,0.454545455,0.928571429,0.833333333,0.545454545,0.166666667,0.315789474,0.834415584,"[0.         0.         0.         0.07142857 0.07142857 0.71428571
 1.        ]","[0.         0.09090909 0.27272727 0.36363636 0.63636364 1.
 1.        ]","[1.99       0.99       0.82977061 0.57540981 0.2895598  0.16588473
 0.        ]"
Pval<0.005,"{'max_features': 'auto', 'max_samples': 0.75, 'n_estimators': 50}",147,1,5,2,2,16,0.826086957,0.84,0.714285714,0.888888889,0.714285714,0.285714286,0.285714286,0.111111111,0.849206349,[0.         0.         0.         0.11111111 0.94444444 1.        ],[0.         0.14285714 0.71428571 0.71428571 1.         1.        ],[1.98409639 0.98409639 0.85250849 0.63877623 0.18480219 0.        ]
TP-2FP>3,"{'max_features': 'log2', 'max_samples': 0.65, 'n_estimators': 50}",214,5,2,0,4,19,0.823320158,0.84,0.333333333,1,1,0.666666667,0,0.173913043,0.666666667,[0. 0. 0. 1.],[0.         0.16666667 0.33333333 1.        ],[1.68322336 0.68322336 0.51089306 0.17564686]
Pval<0.005,"{'max_features': 'log2', 'max_samples': 0.65, 'n_estimators': 50}",147,9,9,1,2,13,0.82312253,0.88,0.818181818,0.928571429,0.9,0.181818182,0.1,0.133333333,0.948051948,"[0.         0.         0.         0.07142857 0.07142857 0.85714286
 1.        ]","[0.         0.09090909 0.72727273 0.81818182 0.90909091 1.
 1.        ]","[1.92461538 0.92461538 0.65170346 0.60075108 0.22115636 0.18884867
 0.        ]"
TP-2FP>3,"{'max_features': 'auto', 'max_samples': 0.75, 'n_estimators': 1000}",214,8,5,0,5,15,0.822727273,0.8,0.5,1,1,0.5,0,0.25,0.85,[0. 0. 0. 1.],[0.  0.1 0.7 1. ],[1.99446557 0.99446557 0.19302865 0.17215394]
TP-2FP>3,"{'max_features': 'sqrt', 'max_samples': 0.75, 'n_estimators': 100}",214,2,7,0,4,14,0.822529644,0.84,0.636363636,1,1,0.363636364,0,0.222222222,0.909090909,[0. 0. 0. 1.],[0.         0.09090909 0.81818182 1.        ],[1.90741923 0.90741923 0.39620808 0.18152242]
Chi>15.36,"{'max_features': 'log2', 'max_samples': 0.75, 'n_estimators': 50}",196,4,10,0,1,14,0.822332016,0.96,0.909090909,1,1,0.090909091,0,0.066666667,0.993506494,"[0.         0.         0.         0.         0.07142857 0.07142857
 0.14285714 0.64285714 0.78571429 1.        ]","[0.         0.09090909 0.27272727 0.90909091 0.90909091 1.
 1.         1.         1.         1.        ]","[2.         1.         0.98       0.62203704 0.36062698 0.32611905
 0.28609307 0.15688492 0.00984757 0.        ]"
Pval<0.05,"{'max_features': 'log2', 'max_samples': 0.75, 'n_estimators': 50}",845,0,5,0,4,16,0.822134387,0.84,0.555555556,1,1,0.444444444,0,0.2,0.944444444,[0.     0.     0.     0.     0.0625 0.0625 0.125  0.75   1.    ],"[0.         0.11111111 0.55555556 0.77777778 0.77777778 0.88888889
 0.88888889 1.         1.        ]","[1.94       0.94       0.65611905 0.45788889 0.40477193 0.37092499
 0.17094836 0.09847087 0.        ]"
Pval<0.005,"{'max_features': 'auto', 'max_samples': 0.65, 'n_estimators': 50}",147,4,2,0,5,18,0.822134387,0.8,0.285714286,1,1,0.714285714,0,0.217391304,0.80952381,[0.         0.         0.         0.05555556 0.83333333 1.        ],[0.         0.14285714 0.57142857 0.57142857 1.         1.        ],[1.94273973 0.94273973 0.43827494 0.28220878 0.18355178 0.        ]
Pval<0.01,"{'max_features': 'log2', 'max_samples': 0.65, 'n_estimators': 50}",326,3,11,1,1,12,0.82173913,0.92,0.916666667,0.923076923,0.916666667,0.083333333,0.083333333,0.076923077,0.990384615,"[0.         0.         0.         0.07692308 0.07692308 0.15384615
 0.84615385 1.        ]","[0.         0.16666667 0.83333333 0.91666667 1.         1.
 1.         1.        ]","[2.         1.         0.60089029 0.53704726 0.39213818 0.21735603
 0.15237301 0.        ]"
Pval<0.005,"{'max_features': 'auto', 'max_samples': 0.75, 'n_estimators': 50}",147,7,5,0,3,17,0.82173913,0.88,0.625,1,1,0.375,0,0.15,0.845588235,[0.         0.         0.         0.82352941 1.        ],[0.    0.125 0.625 1.    1.   ],[1.96333333 0.96333333 0.52734138 0.1903277  0.        ]
TP-2FP>3,"{'max_features': 'sqrt', 'max_samples': 0.65, 'n_estimators': 50}",214,1,7,0,3,15,0.821541502,0.88,0.7,1,1,0.3,0,0.166666667,0.95,[0. 0. 0. 1.],[0.  0.1 0.9 1. ],[1.93045459 0.93045459 0.21143507 0.17741527]
TP-2FP>3,"{'max_features': 'log2', 'max_samples': 0.75, 'n_estimators': 100}",214,0,9,0,5,11,0.818379447,0.8,0.642857143,1,1,0.357142857,0,0.3125,0.821428571,[0. 0. 0. 1.],[0.         0.07142857 0.64285714 1.        ],[1.97       0.97       0.51447415 0.15350285]
Pval<0.01,"{'max_features': 'log2', 'max_samples': 0.75, 'n_estimators': 1000}",326,2,6,1,3,15,0.81798419,0.84,0.666666667,0.9375,0.857142857,0.333333333,0.142857143,0.166666667,0.881944444,[0.     0.     0.     0.0625 0.0625 0.125  0.875  1.    ],"[0.         0.11111111 0.66666667 0.66666667 0.77777778 0.77777778
 1.         1.        ]","[1.96913699 0.96913699 0.8473734  0.65001927 0.42095354 0.23295136
 0.14035785 0.        ]"
AE>7.5,"{'max_features': 'log2', 'max_samples': 0.75, 'n_estimators': 1000}",448,9,2,0,9,14,0.817786561,0.64,0.181818182,1,1,0.818181818,0,0.391304348,0.662337662,[0.         0.         0.         0.14285714 0.14285714 1.        ],[0.         0.09090909 0.27272727 0.27272727 0.45454545 1.        ],[1.8481142  0.8481142  0.49545683 0.26393167 0.1599123  0.13909585]
TP-2FP>3,"{'max_features': 'log2', 'max_samples': 0.65, 'n_estimators': 50}",214,9,7,1,4,13,0.817786561,0.8,0.636363636,0.928571429,0.875,0.363636364,0.125,0.235294118,0.840909091,[0.         0.         0.         0.07142857 0.07142857 1.        ],[0.         0.09090909 0.54545455 0.54545455 0.72727273 1.        ],[2.         1.         0.88017231 0.83118998 0.30411449 0.16891269]
Chi>7.68,"{'max_features': 'log2', 'max_samples': 0.65, 'n_estimators': 50}",383,7,12,0,4,9,0.817588933,0.84,0.75,1,1,0.25,0,0.307692308,0.965277778,"[0.         0.         0.         0.         0.44444444 0.55555556
 0.55555556 1.        ]",[0.     0.0625 0.1875 0.9375 0.9375 0.9375 1.     1.    ],"[2.         1.         0.94       0.20881473 0.02923272 0.02525429
 0.020625   0.        ]"
Pval<0.005,"{'max_features': 'log2', 'max_samples': 0.75, 'n_estimators': 50}",147,8,12,1,1,11,0.817391304,0.92,0.923076923,0.916666667,0.923076923,0.076923077,0.076923077,0.083333333,0.980769231,"[0.         0.         0.         0.08333333 0.08333333 0.58333333
 1.        ]","[0.         0.07692308 0.76923077 0.76923077 1.         1.
 1.        ]","[1.96344086 0.96344086 0.68399529 0.5759798  0.21788662 0.18461822
 0.        ]"
TP-2FP>3,"{'max_features': 'auto', 'max_samples': 0.75, 'n_estimators': 100}",214,7,5,0,5,15,0.814229249,0.8,0.5,1,1,0.5,0,0.25,0.8,[0. 0. 0. 1.],[0.  0.1 0.6 1. ],[1.99       0.99       0.19972458 0.16580149]
Union,"{'max_features': 'sqrt', 'max_samples': 0.75, 'n_estimators': 50}",6232,6,2,0,8,15,0.814031621,0.68,0.2,1,1,0.8,0,0.347826087,0.93,"[0.         0.         0.         0.06666667 0.06666667 0.4
 0.4        0.8        1.        ]",[0.  0.1 0.7 0.7 0.8 0.9 1.  1.  1. ],"[1.73730981 0.73730981 0.26005424 0.22823195 0.21110109 0.08762492
 0.06956031 0.00311111 0.        ]"
Pval<0.005,"{'max_features': 'log2', 'max_samples': 0.65, 'n_estimators': 100}",147,3,4,0,1,20,0.813636364,0.96,0.8,1,1,0.2,0,0.047619048,0.915,[0.   0.   0.   0.85 1.  ],[0.  0.2 0.8 1.  1. ],[1.92461866 0.92461866 0.58065153 0.20143505 0.        ]
TP3_FP0,"{'max_features': 'log2', 'max_samples': 0.75, 'n_estimators': 100}",159,3,6,0,9,10,0.813438735,0.64,0.4,1,1,0.6,0,0.473684211,0.8,[0. 0. 0. 1.],[0.         0.06666667 0.6        1.        ],[1.93192413 0.93192413 0.2561471  0.15380124]
Forest,"{'max_features': 'log2', 'max_samples': 0.65, 'n_estimators': 1000}",174,7,9,0,1,15,0.813438735,0.96,0.9,1,1,0.1,0,0.0625,0.98,"[0.         0.         0.         0.2        0.2        0.53333333
 0.8        1.        ]",[0.  0.1 0.9 0.9 1.  1.  1.  1. ],"[1.92766667e+00 9.27666667e-01 5.13401245e-01 1.59116867e-01
 4.76751526e-02 3.80630544e-02 1.38366647e-03 0.00000000e+00]"
Pval<0.005,"{'max_features': 'auto', 'max_samples': 0.75, 'n_estimators': 50}",147,5,8,0,5,12,0.813043478,0.8,0.615384615,1,1,0.384615385,0,0.294117647,0.868589744,"[0.         0.         0.         0.         0.         0.08333333
 0.08333333 0.16666667 0.91666667 1.        ]","[0.         0.07692308 0.46153846 0.61538462 0.69230769 0.69230769
 0.76923077 0.76923077 1.         1.        ]","[1.86523878 0.86523878 0.57879254 0.55490365 0.47380887 0.33950971
 0.27366188 0.2562186  0.17363649 0.        ]"
AE>10,"{'max_features': 'log2', 'max_samples': 0.75, 'n_estimators': 50}",175,7,7,0,6,12,0.809090909,0.76,0.538461538,1,1,0.461538462,0,0.333333333,0.846153846,[0. 0. 0. 1.],[0.         0.07692308 0.69230769 1.        ],[1.94       0.94       0.27105304 0.20686157]
TP-2FP>4,"{'max_features': 'auto', 'max_samples': 0.75, 'n_estimators': 50}",80,7,2,0,7,16,0.809090909,0.72,0.222222222,1,1,0.777777778,0,0.304347826,0.777777778,[0. 0. 0. 1.],[0.         0.11111111 0.55555556 1.        ],[2.         1.         0.23023179 0.20113959]
TP-2FP>2,"{'max_features': 'log2', 'max_samples': 0.65, 'n_estimators': 50}",609,5,6,0,6,13,0.808893281,0.76,0.5,1,1,0.5,0,0.315789474,0.875,[0. 0. 0. 1.],[0.         0.08333333 0.75       1.        ],[1.92887268 0.92887268 0.20080179 0.15091211]
AE>5,"{'max_features': 'log2', 'max_samples': 0.75, 'n_estimators': 50}",1622,1,5,2,6,12,0.808498024,0.68,0.454545455,0.857142857,0.714285714,0.545454545,0.285714286,0.333333333,0.753246753,[0.         0.         0.         0.14285714 0.14285714 1.        ],[0.         0.09090909 0.36363636 0.36363636 0.63636364 1.        ],[1.84226804 0.84226804 0.67873051 0.5303391  0.40774204 0.13531574]
Chi>7.68,"{'max_features': 'sqrt', 'max_samples': 0.65, 'n_estimators': 50}",383,5,8,0,0,17,0.808102767,1,1,1,1,0,0,0,1,"[0.         0.         0.         0.11764706 0.64705882 0.70588235
 0.82352941 0.88235294 1.        ]",[0.    0.125 1.    1.    1.    1.    1.    1.    1.   ],"[1.94695798 0.94695798 0.51166169 0.36009524 0.1784511  0.12223358
 0.07329248 0.05565571 0.        ]"
TP-2FP>3,"{'max_features': 'auto', 'max_samples': 0.75, 'n_estimators': 100}",214,6,10,0,2,13,0.805928854,0.92,0.833333333,1,1,0.166666667,0,0.133333333,0.916666667,[0. 0. 0. 1.],[0.         0.08333333 0.83333333 1.        ],[1.97360153 0.97360153 0.55453399 0.1747844 ]
AE>5,"{'max_features': 'log2', 'max_samples': 0.75, 'n_estimators': 50}",1622,4,4,0,8,13,0.805335968,0.68,0.333333333,1,1,0.666666667,0,0.380952381,0.756410256,"[0.         0.         0.         0.07692308 0.07692308 1.
 1.        ]","[0.         0.08333333 0.33333333 0.33333333 0.66666667 0.91666667
 1.        ]","[1.5910106  0.5910106  0.5030303  0.4483331  0.2027486  0.13850651
 0.05980732]"
TP3_FP0,"{'max_features': 'log2', 'max_samples': 0.65, 'n_estimators': 100}",159,5,1,0,9,15,0.80513834,0.64,0.1,1,1,0.9,0,0.375,0.9,[0. 0. 0. 1.],[0.  0.1 0.8 1. ],[1.53694291 0.53694291 0.2771561  0.1883    ]
AE>7.5,"{'max_features': 'log2', 'max_samples': 0.75, 'n_estimators': 100}",448,6,7,1,5,12,0.804743083,0.76,0.583333333,0.923076923,0.875,0.416666667,0.125,0.294117647,0.823717949,"[0.         0.         0.         0.07692308 0.07692308 0.15384615
 0.15384615 1.        ]","[0.         0.08333333 0.41666667 0.41666667 0.66666667 0.66666667
 0.75       1.        ]","[2.         1.         0.82884658 0.82239258 0.48118688 0.44137503
 0.17047507 0.15370115]"
AE>7.5,"{'max_features': 'log2', 'max_samples': 0.65, 'n_estimators': 100}",448,1,1,0,9,15,0.804545455,0.64,0.1,1,1,0.9,0,0.375,0.82,[0.         0.         0.         0.06666667 0.06666667 1.        ],[0.  0.1 0.4 0.4 0.7 1. ],[1.77312961 0.77312961 0.39528362 0.38929652 0.16297322 0.15375244]
TP-2FP>3,"{'max_features': 'log2', 'max_samples': 0.75, 'n_estimators': 50}",214,4,5,0,3,17,0.804545455,0.88,0.625,1,1,0.375,0,0.15,0.926470588,[0.         0.         0.         0.05882353 0.05882353 1.        ],[0.    0.125 0.75  0.75  0.875 1.   ],[2.         1.         0.43549939 0.2526267  0.21897971 0.18650336]
TP3_FP0,"{'max_features': 'log2', 'max_samples': 0.75, 'n_estimators': 1000}",159,0,8,0,7,10,0.804347826,0.72,0.533333333,1,1,0.466666667,0,0.411764706,0.9,[0. 0. 0. 1.],[0.         0.06666667 0.8        1.        ],[1.90128309 0.90128309 0.19505568 0.17058353]
TP-2FP>4,"{'max_features': 'auto', 'max_samples': 0.65, 'n_estimators': 50}",80,9,4,0,7,14,0.804150198,0.72,0.363636364,1,1,0.636363636,0,0.333333333,0.727272727,[0. 0. 0. 1.],[0.         0.09090909 0.45454545 1.        ],[2.         1.         0.34822982 0.18723517]
AE>10,"{'max_features': 'log2', 'max_samples': 0.75, 'n_estimators': 100}",175,6,3,0,6,16,0.803952569,0.76,0.333333333,1,1,0.666666667,0,0.272727273,0.777777778,[0. 0. 0. 1.],[0.         0.11111111 0.55555556 1.        ],[1.77473541 0.77473541 0.21369952 0.20523178]
TP-2FP>2,"{'max_features': 'auto', 'max_samples': 0.65, 'n_estimators': 50}",609,4,7,0,6,12,0.803952569,0.76,0.538461538,1,1,0.461538462,0,0.333333333,0.807692308,[0. 0. 0. 1.],[0.         0.07692308 0.61538462 1.        ],[1.86832497 0.86832497 0.14468206 0.12686028]
TP-2FP>4,"{'max_features': 'sqrt', 'max_samples': 0.75, 'n_estimators': 100}",80,5,6,0,6,13,0.801185771,0.76,0.5,1,1,0.5,0,0.315789474,0.791666667,[0. 0. 0. 1.],[0.         0.08333333 0.58333333 1.        ],[1.95830681 0.95830681 0.24239631 0.18627766]
TP-2FP>4,"{'max_features': 'auto', 'max_samples': 0.65, 'n_estimators': 100}",80,1,4,0,6,15,0.800592885,0.76,0.4,1,1,0.6,0,0.285714286,0.8,[0. 0. 0. 1.],[0.  0.1 0.6 1. ],[2.         1.         0.34292252 0.19833133]
TP-2FP>2,"{'max_features': 'log2', 'max_samples': 0.75, 'n_estimators': 1000}",609,8,8,0,5,12,0.800395257,0.8,0.615384615,1,1,0.384615385,0,0.294117647,0.846153846,[0. 0. 0. 1.],[0.         0.07692308 0.69230769 1.        ],[1.97804908 0.97804908 0.35972386 0.14425697]
TP-2FP>4,"{'max_features': 'sqrt', 'max_samples': 0.75, 'n_estimators': 50}",80,4,8,1,4,12,0.800395257,0.8,0.666666667,0.923076923,0.888888889,0.333333333,0.111111111,0.25,0.820512821,[0.         0.07692308 0.07692308 1.        ],[0.         0.33333333 0.75       1.        ],[2.         1.         0.2150108  0.19897774]
TP-2FP>2,"{'max_features': 'auto', 'max_samples': 0.75, 'n_estimators': 50}",609,7,7,0,5,13,0.799407115,0.8,0.583333333,1,1,0.416666667,0,0.277777778,0.916666667,[0. 0. 0. 1.],[0.         0.08333333 0.83333333 1.        ],[1.84979244 0.84979244 0.3395148  0.15280063]
TP-2FP>4,"{'max_features': 'auto', 'max_samples': 0.75, 'n_estimators': 50}",80,2,3,0,5,17,0.799209486,0.8,0.375,1,1,0.625,0,0.227272727,0.8125,[0. 0. 0. 1.],[0.    0.125 0.625 1.   ],[1.98       0.98       0.25365364 0.20769158]
Union,"{'max_features': 'log2', 'max_samples': 0.75, 'n_estimators': 100}",6232,7,7,1,4,13,0.798418972,0.8,0.636363636,0.928571429,0.875,0.363636364,0.125,0.235294118,0.88961039,"[0.         0.         0.07142857 0.07142857 0.14285714 0.14285714
 0.35714286 0.5        0.5        0.85714286 1.        ]","[0.         0.09090909 0.09090909 0.81818182 0.81818182 0.90909091
 0.90909091 0.90909091 1.         1.         1.        ]","[1.93210526e+00 9.32105263e-01 8.53479102e-01 4.60625000e-01
 3.18414835e-01 3.12211673e-01 1.13708989e-01 1.05527171e-01
 1.03052461e-01 1.11111111e-03 0.00000000e+00]"
Union,"{'max_features': 'log2', 'max_samples': 0.65, 'n_estimators': 50}",6232,3,6,0,6,13,0.796442688,0.76,0.5,1,1,0.5,0,0.315789474,0.852564103,"[0.         0.         0.         0.15384615 0.15384615 0.30769231
 0.30769231 0.69230769 0.84615385 1.        ]","[0.         0.08333333 0.5        0.5        0.75       0.75
 0.83333333 1.         1.         1.        ]","[1.88       0.88       0.5079085  0.39333333 0.31460504 0.17166667
 0.05300163 0.04696592 0.00228571 0.        ]"
Union,"{'max_features': 'log2', 'max_samples': 0.75, 'n_estimators': 50}",6232,9,6,0,2,17,0.796442688,0.92,0.75,1,1,0.25,0,0.105263158,0.955882353,"[0.         0.         0.         0.17647059 0.17647059 0.29411765
 0.52941176 1.        ]",[0.    0.125 0.75  0.75  1.    1.    1.    1.   ],"[1.96142857 0.96142857 0.69020144 0.24       0.16466667 0.10494004
 0.08627338 0.        ]"
TP-2FP>2,"{'max_features': 'log2', 'max_samples': 0.75, 'n_estimators': 100}",609,1,3,0,4,18,0.795849802,0.84,0.428571429,1,1,0.571428571,0,0.181818182,0.785714286,[0. 0. 0. 1. 1.],[0.         0.14285714 0.71428571 0.85714286 1.        ],[1.91145631 0.91145631 0.44157756 0.17099397 0.16497448]
Union,"{'max_features': 'sqrt', 'max_samples': 0.75, 'n_estimators': 50}",6232,0,1,1,5,18,0.795849802,0.76,0.166666667,0.947368421,0.5,0.833333333,0.5,0.217391304,0.894736842,"[0.         0.         0.05263158 0.05263158 0.10526316 0.10526316
 0.15789474 0.15789474 0.21052632 0.21052632 0.26315789 0.42105263
 0.57894737 0.68421053 1.        ]","[0.         0.16666667 0.16666667 0.33333333 0.33333333 0.66666667
 0.66666667 0.83333333 0.83333333 1.         1.         1.
 1.         1.         1.        ]","[1.54       0.54       0.5383453  0.44119153 0.38284654 0.34847619
 0.32149326 0.30149326 0.29683063 0.20610989 0.12       0.10771923
 0.06193535 0.06034887 0.        ]"
AE>10,"{'max_features': 'log2', 'max_samples': 0.75, 'n_estimators': 50}",175,2,6,0,7,12,0.795652174,0.72,0.461538462,1,1,0.538461538,0,0.368421053,0.730769231,[0. 0. 0. 1.],[0.         0.07692308 0.46153846 1.        ],[1.98       0.98       0.54425557 0.1904285 ]
Chi>15.36,"{'max_features': 'log2', 'max_samples': 0.65, 'n_estimators': 50}",196,0,7,0,3,15,0.795454545,0.88,0.7,1,1,0.3,0,0.166666667,0.973333333,[0.         0.         0.         0.53333333 0.73333333 1.        ],[0.  0.1 0.9 1.  1.  1. ],[1.94503419 0.94503419 0.38530075 0.14810473 0.0092515  0.        ]
TP3_FP0,"{'max_features': 'auto', 'max_samples': 0.75, 'n_estimators': 100}",159,7,3,0,6,16,0.795454545,0.76,0.333333333,1,1,0.666666667,0,0.272727273,0.833333333,[0. 0. 0. 1.],[0.         0.11111111 0.66666667 1.        ],[1.94200114 0.94200114 0.27115034 0.17776354]
TP3_FP0,"{'max_features': 'log2', 'max_samples': 0.75, 'n_estimators': 50}",159,8,8,0,3,14,0.795454545,0.88,0.727272727,1,1,0.272727273,0,0.176470588,0.863636364,[0. 0. 0. 1.],[0.         0.09090909 0.72727273 1.        ],[2.         1.         0.66856024 0.17633799]
TP3_FP0,"{'max_features': 'log2', 'max_samples': 0.75, 'n_estimators': 50}",159,9,3,0,2,20,0.795454545,0.92,0.6,1,1,0.4,0,0.090909091,0.8,[0. 0. 0. 1.],[0.  0.2 0.6 1. ],[1.80508805 0.80508805 0.7110939  0.18949624]
Union,"{'max_features': 'log2', 'max_samples': 0.75, 'n_estimators': 100}",6232,8,7,1,3,14,0.795454545,0.84,0.7,0.933333333,0.875,0.3,0.125,0.176470588,0.953333333,"[0.         0.         0.         0.06666667 0.06666667 0.13333333
 0.13333333 0.4        0.86666667 1.        ]",[0.  0.1 0.5 0.5 0.8 0.8 1.  1.  1.  1. ],"[1.93231602 0.93231602 0.65518775 0.62792802 0.35724776 0.29448059
 0.14338044 0.09018509 0.00458333 0.00352941]"
TP-2FP>4,"{'max_features': 'auto', 'max_samples': 0.65, 'n_estimators': 50}",80,3,8,0,4,13,0.79486166,0.84,0.666666667,1,1,0.333333333,0,0.235294118,0.958333333,[0. 0. 0. 1.],[0.         0.16666667 0.91666667 1.        ],[2.         1.         0.22826724 0.21195656]
TP-2FP>4,"{'max_features': 'sqrt', 'max_samples': 0.75, 'n_estimators': 50}",80,0,4,0,4,17,0.79229249,0.84,0.5,1,1,0.5,0,0.19047619,0.8125,[0. 0. 0. 1.],[0.    0.25  0.625 1.   ],[1.98       0.98       0.32489046 0.19730352]
Union,"{'max_features': 'log2', 'max_samples': 0.75, 'n_estimators': 50}",6232,2,8,0,3,14,0.79229249,0.88,0.727272727,1,1,0.272727273,0,0.176470588,0.980519481,"[0.         0.         0.         0.21428571 0.21428571 0.42857143
 1.        ]","[0.         0.09090909 0.90909091 0.90909091 1.         1.
 1.        ]","[1.8625     0.8625     0.40640152 0.11788993 0.1071388  0.10343019
 0.        ]"
AE>7.5,"{'max_features': 'auto', 'max_samples': 0.75, 'n_estimators': 100}",448,0,7,0,5,13,0.791699605,0.8,0.583333333,1,1,0.416666667,0,0.277777778,0.91025641,[0.         0.         0.         0.07692308 1.        ],[0.         0.08333333 0.83333333 0.83333333 1.        ],[1.86090202 0.86090202 0.20375813 0.19415487 0.16253763]
TP-2FP>2,"{'max_features': 'log2', 'max_samples': 0.75, 'n_estimators': 100}",609,9,6,0,5,14,0.791106719,0.8,0.545454545,1,1,0.454545455,0,0.263157895,0.909090909,[0. 0. 0. 1.],[0.         0.09090909 0.81818182 1.        ],[1.91350372 0.91350372 0.41494797 0.15504782]
TP3_FP0,"{'max_features': 'auto', 'max_samples': 0.75, 'n_estimators': 1000}",159,6,6,0,4,15,0.791106719,0.84,0.6,1,1,0.4,0,0.210526316,0.9,[0. 0. 0. 1.],[0.  0.1 0.8 1. ],[1.97804141 0.97804141 0.37303461 0.18068838]
Union,"{'max_features': 'auto', 'max_samples': 0.75, 'n_estimators': 1000}",6232,1,7,0,8,10,0.791106719,0.68,0.466666667,1,1,0.533333333,0,0.444444444,0.953333333,[0.  0.  0.  0.1 0.1 0.2 0.2 0.4 0.6 1. ],"[0.         0.06666667 0.73333333 0.73333333 0.8        0.8
 1.         1.         1.         1.        ]","[1.97199437e+00 9.71994368e-01 4.64469285e-01 4.09102150e-01
 3.95685907e-01 3.84982000e-01 2.12490699e-01 9.69815732e-02
 9.32096035e-02 1.06666667e-03]"
AE>10,"{'max_features': 'log2', 'max_samples': 0.75, 'n_estimators': 50}",175,8,5,0,4,16,0.790909091,0.84,0.555555556,1,1,0.444444444,0,0.2,0.833333333,[0. 0. 0. 1.],[0.         0.11111111 0.66666667 1.        ],[2.         1.         0.46416718 0.21087454]
TP3_FP0,"{'max_features': 'log2', 'max_samples': 0.75, 'n_estimators': 100}",159,4,4,0,3,18,0.790909091,0.88,0.571428571,1,1,0.428571429,0,0.142857143,0.857142857,[0. 0. 0. 1.],[0.         0.14285714 0.71428571 1.        ],[1.96906598 0.96906598 0.22438643 0.18511812]
Union,"{'max_features': 'log2', 'max_samples': 0.75, 'n_estimators': 1000}",6232,5,9,0,6,10,0.790909091,0.76,0.6,1,1,0.4,0,0.375,0.993333333,[0.  0.  0.  0.1 0.1 0.3 0.5 1. ],"[0.         0.06666667 0.93333333 0.93333333 1.         1.
 1.         1.        ]","[1.90066322 0.90066322 0.26609923 0.25422635 0.22449064 0.11890982
 0.09433257 0.01290955]"
AE>7.5,"{'max_features': 'log2', 'max_samples': 0.65, 'n_estimators': 1000}",448,3,2,0,5,18,0.790711462,0.8,0.285714286,1,1,0.714285714,0,0.217391304,0.833333333,"[0.         0.         0.         0.05555556 0.05555556 0.11111111
 1.        ]","[0.         0.14285714 0.57142857 0.57142857 0.71428571 0.71428571
 1.        ]","[1.95014972 0.95014972 0.31411654 0.29930027 0.19545296 0.17541865
 0.16711431]"
AE>5,"{'max_features': 'log2', 'max_samples': 0.65, 'n_estimators': 1000}",1622,5,3,0,6,16,0.790711462,0.76,0.333333333,1,1,0.666666667,0,0.272727273,0.854166667,[0.     0.     0.     0.125  0.125  0.1875 1.    ],"[0.         0.11111111 0.66666667 0.66666667 0.77777778 0.77777778
 1.        ]","[1.95850489 0.95850489 0.24507228 0.16857354 0.14549997 0.14473182
 0.13612809]"
AE>10,"{'max_features': 'sqrt', 'max_samples': 0.75, 'n_estimators': 100}",175,3,5,0,8,12,0.790513834,0.68,0.384615385,1,1,0.615384615,0,0.4,0.78525641,[0.         0.         0.         0.08333333 0.08333333 1.        ],[0.         0.07692308 0.53846154 0.53846154 0.61538462 1.        ],[1.95206846 0.95206846 0.42558673 0.36795841 0.35035753 0.20141528]
TP-2FP>2,"{'max_features': 'log2', 'max_samples': 0.75, 'n_estimators': 1000}",609,3,5,0,3,17,0.790513834,0.88,0.625,1,1,0.375,0,0.15,0.801470588,[0.         0.         0.         0.05882353 1.        ],[0.    0.125 0.625 0.625 1.   ],[1.76513578 0.76513578 0.59301397 0.25495604 0.1533118 ]
FP=0,"{'max_features': 'log2', 'max_samples': 0.75, 'n_estimators': 1000}",556,6,5,0,7,13,0.790513834,0.72,0.416666667,1,1,0.583333333,0,0.35,0.916666667,[0. 0. 0. 1.],[0.         0.08333333 0.83333333 1.        ],[1.83804538 0.83804538 0.16288637 0.14587905]
AE>10,"{'max_features': 'log2', 'max_samples': 0.75, 'n_estimators': 1000}",175,5,9,0,3,13,0.790118577,0.88,0.75,1,1,0.25,0,0.1875,0.948717949,[0.         0.         0.         0.07692308 0.07692308 1.        ],[0.         0.08333333 0.83333333 0.83333333 0.91666667 1.        ],[1.98566672 0.98566672 0.46847474 0.34107427 0.27861445 0.21599432]
TP-2FP>4,"{'max_features': 'auto', 'max_samples': 0.75, 'n_estimators': 100}",80,6,8,0,3,14,0.790118577,0.88,0.727272727,1,1,0.272727273,0,0.176470588,0.909090909,[0. 0. 0. 1.],[0.         0.09090909 0.81818182 1.        ],[2.         1.         0.26326716 0.20713952]
TP3_FP0,"{'max_features': 'sqrt', 'max_samples': 0.75, 'n_estimators': 50}",159,2,8,0,5,12,0.790118577,0.8,0.615384615,1,1,0.384615385,0,0.294117647,0.846153846,[0. 0. 0. 1.],[0.         0.07692308 0.69230769 1.        ],[1.98307692 0.98307692 0.2501197  0.16468106]
AE>10,"{'max_features': 'sqrt', 'max_samples': 0.75, 'n_estimators': 50}",175,1,7,0,3,15,0.789920949,0.88,0.7,1,1,0.3,0,0.166666667,0.84,[0.         0.         0.         0.06666667 1.        ],[0.  0.1 0.7 0.7 1. ],[1.98428571 0.98428571 0.52925732 0.45930315 0.2075859 ]
TP-2FP>2,"{'max_features': 'log2', 'max_samples': 0.65, 'n_estimators': 50}",609,2,5,0,5,15,0.789525692,0.8,0.5,1,1,0.5,0,0.25,0.84,[0.         0.         0.         0.06666667 1.        ],[0.  0.1 0.7 0.7 1. ],[1.92377778 0.92377778 0.30788389 0.21010503 0.15956102]
AE>5,"{'max_features': 'log2', 'max_samples': 0.65, 'n_estimators': 100}",1622,6,2,0,5,18,0.788339921,0.8,0.285714286,1,1,0.714285714,0,0.217391304,0.765873016,"[0.         0.         0.         0.05555556 0.05555556 0.16666667
 1.         1.        ]","[0.         0.14285714 0.57142857 0.57142857 0.71428571 0.71428571
 0.85714286 1.        ]","[1.82901247 0.82901247 0.40620352 0.21915549 0.21783227 0.17651183
 0.15071844 0.13448323]"
AE>10,"{'max_features': 'auto', 'max_samples': 0.75, 'n_estimators': 100}",175,4,4,0,6,15,0.787549407,0.76,0.4,1,1,0.6,0,0.285714286,0.833333333,[0.         0.         0.         0.06666667 0.06666667 1.        ],[0.  0.1 0.6 0.6 0.7 1. ],[1.99       0.99       0.46866624 0.36929122 0.23708929 0.20963663]
AE>7.5,"{'max_features': 'log2', 'max_samples': 0.65, 'n_estimators': 1000}",448,7,7,0,4,14,0.787351779,0.84,0.636363636,1,1,0.363636364,0,0.222222222,0.909090909,[0. 0. 0. 1.],[0.         0.09090909 0.81818182 1.        ],[1.96179658 0.96179658 0.41945003 0.16395145]
FP=0,"{'max_features': 'log2', 'max_samples': 0.75, 'n_estimators': 50}",556,9,5,0,5,15,0.786758893,0.8,0.5,1,1,0.5,0,0.25,0.8,[0. 0. 0. 1.],[0.  0.1 0.6 1. ],[1.86256767 0.86256767 0.44349608 0.13479707]
TP-2FP>2,"{'max_features': 'log2', 'max_samples': 0.75, 'n_estimators': 100}",609,0,8,0,3,14,0.786758893,0.88,0.727272727,1,1,0.272727273,0,0.176470588,0.951298701,[0.         0.         0.         0.07142857 1.        ],[0.         0.09090909 0.90909091 0.90909091 1.        ],[1.89504244 0.89504244 0.28123143 0.20797537 0.16548755]
AE>10,"{'max_features': 'log2', 'max_samples': 0.75, 'n_estimators': 50}",175,9,2,0,8,15,0.786561265,0.68,0.2,1,1,0.8,0,0.347826087,0.786666667,[0.         0.         0.         0.06666667 1.        ],[0.  0.1 0.6 0.6 1. ],[1.88494554 0.88494554 0.36074055 0.22870178 0.19834859]
FP=0,"{'max_features': 'log2', 'max_samples': 0.75, 'n_estimators': 50}",556,8,3,0,7,15,0.786363636,0.72,0.3,1,1,0.7,0,0.318181818,0.85,[0. 0. 0. 1.],[0.  0.1 0.7 1. ],[1.86077379 0.86077379 0.19526296 0.14311973]
AE>7.5,"{'max_features': 'log2', 'max_samples': 0.75, 'n_estimators': 50}",448,2,8,0,3,14,0.786166008,0.88,0.727272727,1,1,0.272727273,0,0.176470588,0.954545455,[0. 0. 0. 1.],[0.         0.09090909 0.90909091 1.        ],[1.96641307 0.96641307 0.28311474 0.16374275]
TP-2FP>4,"{'max_features': 'auto', 'max_samples': 0.75, 'n_estimators': 100}",80,8,10,0,5,10,0.786166008,0.8,0.666666667,1,1,0.333333333,0,0.333333333,0.866666667,[0. 0. 0. 1.],[0.         0.06666667 0.73333333 1.        ],[1.99       0.99       0.46635519 0.19021077]
Union,"{'max_features': 'log2', 'max_samples': 0.65, 'n_estimators': 50}",6232,4,7,1,3,14,0.783399209,0.84,0.7,0.933333333,0.875,0.3,0.125,0.176470588,0.936666667,"[0.         0.         0.         0.06666667 0.13333333 0.2
 0.2        0.26666667 0.4        0.53333333 0.73333333 1.        ]",[0.  0.1 0.7 0.7 0.8 0.8 0.9 0.9 1.  1.  1.  1. ],"[1.80166667 0.80166667 0.54516667 0.501      0.4247008  0.421
 0.27936954 0.26831233 0.04791349 0.04       0.01114186 0.        ]"
AE>7.5,"{'max_features': 'log2', 'max_samples': 0.75, 'n_estimators': 100}",448,4,7,0,2,16,0.782608696,0.92,0.777777778,1,1,0.222222222,0,0.111111111,0.888888889,[0. 0. 0. 1.],[0.         0.11111111 0.77777778 1.        ],[1.87311397 0.87311397 0.59421835 0.17233187]
AE>7.5,"{'max_features': 'log2', 'max_samples': 0.75, 'n_estimators': 1000}",448,8,9,0,5,11,0.782608696,0.8,0.642857143,1,1,0.357142857,0,0.3125,0.961038961,[0.         0.         0.         0.09090909 1.        ],[0.         0.07142857 0.92857143 0.92857143 1.        ],[1.96097922 0.96097922 0.28055671 0.23484442 0.16491742]
AE>5,"{'max_features': 'auto', 'max_samples': 0.75, 'n_estimators': 50}",1622,7,6,0,6,13,0.782608696,0.76,0.5,1,1,0.5,0,0.315789474,0.711538462,"[0.         0.         0.         0.15384615 0.15384615 1.
 1.        ]","[0.         0.08333333 0.5        0.5        0.58333333 0.91666667
 1.        ]","[1.96420732 0.96420732 0.73119918 0.19736078 0.14603006 0.11150625
 0.11053064]"
TP4_FP0,"{'max_features': 'auto', 'max_samples': 0.75, 'n_estimators': 1000}",57,5,7,0,8,10,0.782411067,0.68,0.466666667,1,1,0.533333333,0,0.444444444,0.8,[0. 0. 0. 1.],[0.         0.06666667 0.6        1.        ],[1.98810062 0.98810062 0.38228612 0.21594381]
AE>10,"{'max_features': 'log2', 'max_samples': 0.75, 'n_estimators': 100}",175,0,7,0,2,16,0.782213439,0.92,0.777777778,1,1,0.222222222,0,0.111111111,0.930555556,[0.     0.     0.     0.0625 0.0625 0.125  1.    ],"[0.         0.11111111 0.77777778 0.77777778 0.88888889 0.88888889
 1.        ]","[1.97745835 0.97745835 0.75528018 0.37008128 0.33870714 0.27721336
 0.2140673 ]"
AE>7.5,"{'max_features': 'log2', 'max_samples': 0.75, 'n_estimators': 50}",448,5,7,0,4,14,0.782213439,0.84,0.636363636,1,1,0.363636364,0,0.222222222,0.853896104,[0.         0.         0.         0.07142857 1.        ],[0.         0.09090909 0.72727273 0.72727273 1.        ],[1.90333333 0.90333333 0.47586172 0.35597359 0.15167373]
AE>5,"{'max_features': 'log2', 'max_samples': 0.75, 'n_estimators': 100}",1622,2,4,0,4,17,0.782213439,0.84,0.5,1,1,0.5,0,0.19047619,0.783088235,"[0.         0.         0.         0.05882353 0.05882353 0.11764706
 1.        ]",[0.    0.125 0.5   0.5   0.625 0.625 1.   ],"[1.99       0.99       0.62484675 0.47065907 0.29527226 0.15590271
 0.12959592]"
FP=0,"{'max_features': 'log2', 'max_samples': 0.75, 'n_estimators': 50}",556,7,2,0,6,17,0.782213439,0.76,0.25,1,1,0.75,0,0.260869565,0.8125,[0. 0. 0. 1.],[0.    0.125 0.625 1.   ],[1.91497584 0.91497584 0.28105489 0.14665241]
FP=0,"{'max_features': 'log2', 'max_samples': 0.75, 'n_estimators': 50}",556,3,5,0,6,14,0.781818182,0.76,0.454545455,1,1,0.545454545,0,0.3,0.772727273,[0. 0. 0. 1.],[0.         0.09090909 0.54545455 1.        ],[1.91443189 0.91443189 0.27259997 0.13319804]
AE>5,"{'max_features': 'log2', 'max_samples': 0.75, 'n_estimators': 100}",1622,9,5,0,6,14,0.781422925,0.76,0.454545455,1,1,0.545454545,0,0.3,0.892857143,"[0.         0.         0.         0.07142857 0.07142857 0.14285714
 0.14285714 0.21428571 0.21428571 1.        ]","[0.         0.09090909 0.45454545 0.45454545 0.72727273 0.72727273
 0.81818182 0.81818182 0.90909091 1.        ]","[1.85300096 0.85300096 0.50613814 0.46747013 0.17295647 0.17194963
 0.15962939 0.14622693 0.14608459 0.13801641]"
FP=0,"{'max_features': 'log2', 'max_samples': 0.75, 'n_estimators': 50}",556,2,8,0,5,12,0.778458498,0.8,0.615384615,1,1,0.384615385,0,0.294117647,0.923076923,[0. 0. 0. 1.],[0.         0.07692308 0.84615385 1.        ],[1.98264151 0.98264151 0.18179829 0.14789329]
AE>5,"{'max_features': 'log2', 'max_samples': 0.75, 'n_estimators': 1000}",1622,3,8,0,6,11,0.777667984,0.76,0.571428571,1,1,0.428571429,0,0.352941176,0.928571429,"[0.         0.         0.         0.09090909 0.09090909 0.18181818
 0.18181818 0.27272727 1.        ]","[0.         0.07142857 0.71428571 0.71428571 0.85714286 0.85714286
 0.92857143 0.92857143 1.        ]","[1.83504847 0.83504847 0.41910675 0.40540107 0.27546399 0.25602314
 0.22520178 0.2149898  0.13711885]"
TP3_FP0,"{'max_features': 'log2', 'max_samples': 0.75, 'n_estimators': 1000}",159,1,9,0,4,12,0.777667984,0.84,0.692307692,1,1,0.307692308,0,0.25,0.884615385,[0. 0. 0. 1.],[0.         0.07692308 0.76923077 1.        ],[1.98521312 0.98521312 0.21945129 0.173429  ]
FP=0,"{'max_features': 'log2', 'max_samples': 0.75, 'n_estimators': 1000}",556,5,5,0,6,14,0.777470356,0.76,0.454545455,1,1,0.545454545,0,0.3,0.863636364,[0. 0. 0. 1.],[0.         0.09090909 0.72727273 1.        ],[1.81666103 0.81666103 0.25758289 0.14237565]
FP=0,"{'max_features': 'log2', 'max_samples': 0.75, 'n_estimators': 100}",556,4,10,0,4,11,0.773913043,0.84,0.714285714,1,1,0.285714286,0,0.266666667,0.928571429,[0. 0. 0. 1.],[0.         0.07142857 0.85714286 1.        ],[1.89607867 0.89607867 0.25569071 0.14421803]
TP4_FP0,"{'max_features': 'log2', 'max_samples': 0.75, 'n_estimators': 50}",57,6,2,0,5,18,0.773913043,0.8,0.285714286,1,1,0.714285714,0,0.217391304,0.642857143,[0. 0. 0. 1.],[0.         0.14285714 0.28571429 1.        ],[1.88887381 0.88887381 0.69170694 0.22312613]
TP4_FP0,"{'max_features': 'sqrt', 'max_samples': 0.75, 'n_estimators': 100}",57,2,3,0,7,15,0.773715415,0.72,0.3,1,1,0.7,0,0.318181818,0.85,[0. 0. 0. 1.],[0.  0.1 0.7 1. ],[1.87533807 0.87533807 0.26941247 0.23936087]
TP5_FP0,"{'max_features': 'auto', 'max_samples': 0.65, 'n_estimators': 50}",23,2,0,0,12,13,0.773517787,0.52,0,1,-1,1,-1,0.48,0.583333333,[0. 0. 1.],[0.         0.16666667 1.        ],[1.44795413 0.44795413 0.255694  ]
All,"{'max_features': 'log2', 'max_samples': 0.75, 'n_estimators': 50}",23,6,2,0,10,13,0.773320158,0.6,0.166666667,1,1,0.833333333,0,0.434782609,0.625,[0. 0. 0. 1.],[0.         0.08333333 0.25       1.        ],[1.98477612 0.98477612 0.48807376 0.26769254]
AE>5,"{'max_features': 'log2', 'max_samples': 0.75, 'n_estimators': 50}",1622,0,11,0,3,11,0.769367589,0.88,0.785714286,1,1,0.214285714,0,0.214285714,1,[0.         0.         0.         0.18181818 1.        ],[0.         0.07142857 1.         1.         1.        ],[1.78981666 0.78981666 0.21260933 0.16826651 0.15262549]
TP4_FP0,"{'max_features': 'log2', 'max_samples': 0.65, 'n_estimators': 50}",57,3,4,0,9,12,0.768972332,0.64,0.307692308,1,1,0.692307692,0,0.428571429,0.730769231,[0. 0. 0. 1.],[0.         0.07692308 0.46153846 1.        ],[2.         1.         0.27558886 0.21330088]
TP4_FP0,"{'max_features': 'log2', 'max_samples': 0.75, 'n_estimators': 50}",57,8,4,0,6,15,0.768774704,0.76,0.4,1,1,0.6,0,0.285714286,0.8,[0. 0. 0. 1.],[0.  0.2 0.6 1. ],[2.         1.         0.30100931 0.24117845]
TP5_FP0,"{'max_features': 'sqrt', 'max_samples': 0.75, 'n_estimators': 100}",23,5,5,0,9,11,0.768774704,0.64,0.357142857,1,1,0.642857143,0,0.45,0.714285714,[0. 0. 0. 1.],[0.         0.07142857 0.42857143 1.        ],[1.97908912 0.97908912 0.43350545 0.26668315]
All,"{'max_features': 'auto', 'max_samples': 0.75, 'n_estimators': 1000}",23,4,5,0,6,14,0.768774704,0.76,0.454545455,1,1,0.545454545,0,0.3,0.772727273,[0. 0. 0. 1.],[0.         0.09090909 0.54545455 1.        ],[1.99430335 0.99430335 0.40735015 0.28066501]
AE>5,"{'max_features': 'log2', 'max_samples': 0.75, 'n_estimators': 100}",1622,8,8,0,2,15,0.768577075,0.92,0.8,1,1,0.2,0,0.117647059,0.93,"[0.         0.         0.         0.06666667 0.06666667 0.26666667
 1.        ]",[0.  0.1 0.8 0.8 0.9 0.9 1. ],"[1.88241928 0.88241928 0.62       0.32389401 0.17849731 0.14437642
 0.13624308]"
TP4_FP0,"{'max_features': 'log2', 'max_samples': 0.75, 'n_estimators': 1000}",57,0,8,0,4,13,0.768577075,0.84,0.666666667,1,1,0.333333333,0,0.235294118,0.875,[0. 0. 0. 1.],[0.         0.08333333 0.75       1.        ],[1.99546919 0.99546919 0.47943115 0.23638426]
TP5_FP0,"{'max_features': 'sqrt', 'max_samples': 0.75, 'n_estimators': 100}",23,8,4,0,8,13,0.768577075,0.68,0.333333333,1,1,0.666666667,0,0.380952381,0.666666667,[0. 0. 0. 1.],[0.         0.08333333 0.33333333 1.        ],[2.         1.         0.50209388 0.26554066]
FP=0,"{'max_features': 'log2', 'max_samples': 0.75, 'n_estimators': 100}",556,1,6,0,4,15,0.76798419,0.84,0.6,1,1,0.4,0,0.210526316,0.9,[0. 0. 0. 1.],[0.  0.1 0.8 1. ],[1.9134549  0.9134549  0.26527923 0.14743981]
TP4_FP0,"{'max_features': 'auto', 'max_samples': 0.65, 'n_estimators': 50}",57,4,2,0,5,18,0.764822134,0.8,0.285714286,1,1,0.714285714,0,0.217391304,0.785714286,[0. 0. 0. 1.],[0.         0.14285714 0.57142857 1.        ],[1.97028322 0.97028322 0.36674699 0.24536577]
All,"{'max_features': 'auto', 'max_samples': 0.65, 'n_estimators': 50}",23,3,4,0,8,13,0.764624506,0.68,0.333333333,1,1,0.666666667,0,0.380952381,0.666666667,[0. 0. 0. 1.],[0.         0.08333333 0.33333333 1.        ],[1.98586207 0.98586207 0.76573176 0.26338852]
FP=0,"{'max_features': 'log2', 'max_samples': 0.65, 'n_estimators': 1000}",556,0,5,0,4,16,0.764426877,0.84,0.555555556,1,1,0.444444444,0,0.2,1,[0. 0. 0. 1.],[0.         0.11111111 1.         1.        ],[1.72898314 0.72898314 0.1640576  0.15908769]
TP4_FP0,"{'max_features': 'auto', 'max_samples': 0.75, 'n_estimators': 1000}",57,1,9,0,5,11,0.764426877,0.8,0.642857143,1,1,0.357142857,0,0.3125,0.892857143,[0. 0. 0. 1.],[0.         0.07142857 0.78571429 1.        ],[1.97769943 0.97769943 0.33653306 0.22740344]
All,"{'max_features': 'log2', 'max_samples': 0.75, 'n_estimators': 50}",23,2,3,0,10,12,0.764426877,0.6,0.230769231,1,1,0.769230769,0,0.454545455,0.653846154,[0. 0. 0. 1.],[0.         0.07692308 0.30769231 1.        ],[2.         1.         0.4887085  0.25915844]
TP5_FP0,"{'max_features': 'auto', 'max_samples': 0.75, 'n_estimators': 1000}",23,1,8,0,7,10,0.763833992,0.72,0.533333333,1,1,0.466666667,0,0.411764706,0.8,[0. 0. 0. 1.],[0.         0.06666667 0.6        1.        ],[2.         1.         0.45755361 0.26918317]
FP<=1,"{'max_features': 'log2', 'max_samples': 0.75, 'n_estimators': 50}",2582,0,3,0,4,18,0.760671937,0.84,0.428571429,1,1,0.571428571,0,0.181818182,0.742063492,"[0.         0.         0.         0.05555556 0.05555556 0.16666667
 1.        ]","[0.         0.14285714 0.42857143 0.42857143 0.57142857 0.57142857
 1.        ]","[1.78715238 0.78715238 0.60418184 0.43645201 0.4        0.13616732
 0.11905889]"
TP5_FP0,"{'max_features': 'log2', 'max_samples': 0.65, 'n_estimators': 50}",23,7,1,0,5,19,0.760671937,0.8,0.166666667,1,1,0.833333333,0,0.208333333,0.583333333,[0. 0. 1.],[0.         0.16666667 1.        ],[1.94152939 0.94152939 0.2855666 ]
TP5_FP0,"{'max_features': 'auto', 'max_samples': 0.65, 'n_estimators': 50}",23,4,3,0,6,16,0.760079051,0.76,0.333333333,1,1,0.666666667,0,0.272727273,0.722222222,[0. 0. 0. 1.],[0.         0.11111111 0.44444444 1.        ],[2.         1.         0.36996867 0.2872913 ]
All,"{'max_features': 'sqrt', 'max_samples': 0.75, 'n_estimators': 50}",23,7,4,0,7,14,0.759486166,0.72,0.363636364,1,1,0.636363636,0,0.333333333,0.681818182,[0. 0. 0. 1.],[0.         0.18181818 0.36363636 1.        ],[2.         1.         0.83933222 0.26737281]
All,"{'max_features': 'auto', 'max_samples': 0.75, 'n_estimators': 100}",23,1,2,0,4,19,0.759288538,0.84,0.333333333,1,1,0.666666667,0,0.173913043,0.75,[0. 0. 0. 1.],[0.         0.16666667 0.5        1.        ],[2.         1.         0.39789048 0.29890306]
TP4_FP0,"{'max_features': 'sqrt', 'max_samples': 0.65, 'n_estimators': 50}",57,9,5,0,7,13,0.759090909,0.72,0.416666667,1,1,0.583333333,0,0.35,0.75,[0. 0. 0. 1.],[0.         0.08333333 0.5        1.        ],[1.98428571 0.98428571 0.30359021 0.22402478]
FP<=2,"{'max_features': 'log2', 'max_samples': 0.75, 'n_estimators': 50}",5941,4,3,1,7,14,0.755731225,0.68,0.3,0.933333333,0.75,0.7,0.25,0.333333333,0.813333333,"[0.         0.         0.         0.06666667 0.06666667 0.2
 0.2        1.        ]",[0.  0.1 0.2 0.2 0.6 0.6 0.8 1. ],"[1.96156863 0.96156863 0.68       0.65608152 0.24820874 0.23939916
 0.12830642 0.09930704]"
TP5_FP0,"{'max_features': 'auto', 'max_samples': 0.75, 'n_estimators': 50}",23,6,6,0,3,16,0.751778656,0.88,0.666666667,1,1,0.333333333,0,0.157894737,0.888888889,[0. 0. 0. 1.],[0.         0.11111111 0.77777778 1.        ],[2.         1.         0.35414183 0.29837577]
FP<=1,"{'max_features': 'log2', 'max_samples': 0.65, 'n_estimators': 100}",2582,8,2,0,10,13,0.751581028,0.6,0.166666667,1,1,0.833333333,0,0.434782609,0.641025641,"[0.         0.         0.         0.07692308 0.07692308 0.15384615
 0.15384615 0.38461538 1.         1.        ]","[0.         0.08333333 0.16666667 0.16666667 0.41666667 0.41666667
 0.58333333 0.58333333 0.91666667 1.        ]","[1.8561539  0.8561539  0.51094647 0.4503502  0.26038425 0.2096789
 0.18897447 0.11814964 0.10909559 0.05504369]"
FP<=2,"{'max_features': 'log2', 'max_samples': 0.65, 'n_estimators': 50}",5941,1,3,1,9,12,0.751185771,0.6,0.25,0.923076923,0.75,0.75,0.25,0.428571429,0.791666667,"[0.         0.         0.         0.07692308 0.07692308 0.15384615
 0.15384615 0.23076923 0.92307692 1.        ]","[0.         0.08333333 0.16666667 0.16666667 0.5        0.5
 0.75       0.75       1.         1.        ]","[1.75990573 0.75990573 0.72820917 0.55592244 0.32694305 0.32202084
 0.20813866 0.12342198 0.10763251 0.07630158]"
All,"{'max_features': 'log2', 'max_samples': 0.65, 'n_estimators': 50}",23,8,8,0,7,10,0.750988142,0.72,0.533333333,1,1,0.466666667,0,0.411764706,0.833333333,[0. 0. 0. 1.],[0.         0.06666667 0.66666667 1.        ],[1.98439024 0.98439024 0.41198093 0.27021807]
FP<=1,"{'max_features': 'log2', 'max_samples': 0.75, 'n_estimators': 1000}",2582,3,7,0,8,10,0.750790514,0.68,0.466666667,1,1,0.533333333,0,0.444444444,0.806666667,[0.  0.  0.  0.1 0.1 0.2 1.  1. ],"[0.         0.06666667 0.66666667 0.66666667 0.73333333 0.73333333
 0.93333333 1.        ]","[1.84519773 0.84519773 0.1924635  0.1854778  0.14028756 0.10922216
 0.10649977 0.08464063]"
FP<=1,"{'max_features': 'log2', 'max_samples': 0.75, 'n_estimators': 1000}",2582,7,6,0,5,14,0.750790514,0.8,0.545454545,1,1,0.454545455,0,0.263157895,0.912337662,"[0.         0.         0.         0.14285714 0.14285714 0.35714286
 1.        ]","[0.         0.09090909 0.72727273 0.72727273 0.90909091 0.90909091
 1.        ]","[1.79464962 0.79464962 0.22779096 0.17777656 0.15051875 0.1185486
 0.11501424]"
All,"{'max_features': 'sqrt', 'max_samples': 0.75, 'n_estimators': 100}",23,5,6,0,4,15,0.750790514,0.84,0.6,1,1,0.4,0,0.210526316,0.8,[0. 0. 0. 1.],[0.  0.3 0.6 1. ],[2.         1.         0.60277358 0.28766811]
TP4_FP0,"{'max_features': 'log2', 'max_samples': 0.75, 'n_estimators': 100}",57,7,5,0,3,17,0.750197628,0.88,0.625,1,1,0.375,0,0.15,0.8125,[0. 0. 0. 1.],[0.    0.125 0.625 1.   ],[1.94056736 0.94056736 0.63364316 0.23407459]
All,"{'max_features': 'sqrt', 'max_samples': 0.65, 'n_estimators': 50}",23,9,7,0,4,14,0.747826087,0.84,0.636363636,1,1,0.363636364,0,0.222222222,0.863636364,[0. 0. 0. 1.],[0.         0.09090909 0.72727273 1.        ],[2.         1.         0.44741698 0.29117015]
FP<=1,"{'max_features': 'log2', 'max_samples': 0.75, 'n_estimators': 100}",2582,1,4,0,10,11,0.746640316,0.6,0.285714286,1,1,0.714285714,0,0.476190476,0.876623377,[0.         0.         0.         0.09090909 0.09090909 1.        ],[0.         0.07142857 0.71428571 0.71428571 0.78571429 1.        ],[1.86910958 0.86910958 0.22977091 0.21743631 0.17367032 0.11045313]
TP5_FP0,"{'max_features': 'sqrt', 'max_samples': 0.65, 'n_estimators': 100}",23,3,4,0,4,17,0.746442688,0.84,0.5,1,1,0.5,0,0.19047619,0.75,[0. 0. 0. 1.],[0.    0.125 0.5   1.   ],[1.97182213 0.97182213 0.78120595 0.28882978]
All,"{'max_features': 'auto', 'max_samples': 0.75, 'n_estimators': 1000}",23,0,5,0,2,18,0.746245059,0.92,0.714285714,1,1,0.285714286,0,0.1,0.857142857,[0. 0. 0. 1.],[0.         0.14285714 0.71428571 1.        ],[1.96490167 0.96490167 0.57450963 0.30000523]
FP<=1,"{'max_features': 'log2', 'max_samples': 0.75, 'n_estimators': 1000}",2582,4,5,0,4,16,0.743873518,0.84,0.555555556,1,1,0.444444444,0,0.2,1,[0.    0.    0.    0.125 1.   ],[0.         0.11111111 1.         1.         1.        ],[1.72344943 0.72344943 0.21971403 0.13102464 0.12841347]
FP<=1,"{'max_features': 'log2', 'max_samples': 0.75, 'n_estimators': 50}",2582,2,8,0,5,12,0.742094862,0.8,0.615384615,1,1,0.384615385,0,0.294117647,0.987179487,"[0.         0.         0.         0.08333333 0.08333333 0.16666667
 1.        ]","[0.         0.07692308 0.84615385 0.84615385 1.         1.
 1.        ]","[1.8183464  0.8183464  0.35614955 0.33330187 0.25094376 0.14313395
 0.12678986]"
TP5_FP0,"{'max_features': 'log2', 'max_samples': 0.65, 'n_estimators': 50}",23,0,8,0,3,14,0.741897233,0.88,0.727272727,1,1,0.272727273,0,0.176470588,0.863636364,[0. 0. 0. 1.],[0.         0.18181818 0.72727273 1.        ],[2.         1.         0.80024169 0.28235383]
TP5_FP0,"{'max_features': 'sqrt', 'max_samples': 0.75, 'n_estimators': 100}",23,9,7,0,5,13,0.741897233,0.8,0.583333333,1,1,0.416666667,0,0.277777778,0.833333333,[0. 0. 0. 1.],[0.         0.08333333 0.66666667 1.        ],[2.         1.         0.45851823 0.28664371]
FP<=1,"{'max_features': 'log2', 'max_samples': 0.75, 'n_estimators': 1000}",2582,9,6,0,4,15,0.737944664,0.84,0.6,1,1,0.4,0,0.210526316,0.85,[0. 0. 0. 1.],[0.  0.1 0.7 1. ],[1.79994453 0.79994453 0.25216579 0.11220488]
FP<=2,"{'max_features': 'log2', 'max_samples': 0.75, 'n_estimators': 1000}",5941,3,6,1,4,14,0.737944664,0.8,0.6,0.933333333,0.857142857,0.4,0.142857143,0.222222222,0.873333333,"[0.         0.         0.         0.06666667 0.06666667 0.13333333
 0.13333333 0.26666667 0.26666667 0.4        0.93333333 1.        ]",[0.  0.1 0.4 0.4 0.7 0.7 0.8 0.8 0.9 0.9 1.  1. ],"[1.79839332 0.79839332 0.63552717 0.58162349 0.46073497 0.3999455
 0.24202441 0.1173177  0.11253879 0.10656183 0.10119686 0.08754854]"
FP<=2,"{'max_features': 'log2', 'max_samples': 0.75, 'n_estimators': 50}",5941,9,2,1,6,16,0.737944664,0.72,0.25,0.941176471,0.666666667,0.75,0.333333333,0.272727273,0.856617647,"[0.         0.         0.         0.11764706 0.11764706 0.17647059
 0.94117647 1.        ]",[0.    0.125 0.25  0.25  0.875 0.875 1.    1.   ],"[1.73996243 0.73996243 0.72521855 0.46321994 0.13370039 0.13294567
 0.11520982 0.09624451]"
FP<=2,"{'max_features': 'log2', 'max_samples': 0.75, 'n_estimators': 1000}",5941,6,7,0,6,12,0.736956522,0.76,0.538461538,1,1,0.461538462,0,0.333333333,0.846153846,"[0.         0.         0.         0.08333333 0.08333333 0.25
 0.83333333 0.83333333 1.        ]","[0.         0.07692308 0.53846154 0.53846154 0.84615385 0.84615385
 0.84615385 1.         1.        ]","[1.81727172 0.81727172 0.53482427 0.35402117 0.12768979 0.11760488
 0.11236192 0.10772052 0.06868255]"
FP<=1,"{'max_features': 'log2', 'max_samples': 0.75, 'n_estimators': 1000}",2582,6,3,0,7,15,0.736758893,0.72,0.3,1,1,0.7,0,0.318181818,0.86,"[0.         0.         0.         0.06666667 0.06666667 0.13333333
 0.13333333 1.        ]",[0.  0.1 0.5 0.5 0.7 0.7 0.8 1. ],"[1.86285312 0.86285312 0.13270939 0.12720248 0.11730329 0.11209752
 0.11086456 0.110253  ]"
FP<=2,"{'max_features': 'log2', 'max_samples': 0.75, 'n_estimators': 100}",5941,8,5,0,6,14,0.733596838,0.76,0.454545455,1,1,0.545454545,0,0.3,0.707792208,"[0.         0.         0.         0.07142857 0.07142857 0.5
 0.92857143 1.         1.        ]","[0.         0.09090909 0.54545455 0.54545455 0.63636364 0.63636364
 0.90909091 0.90909091 1.        ]","[1.93385034 0.93385034 0.41       0.38090485 0.33974997 0.09014981
 0.08142254 0.06259504 0.00642404]"
FP<=2,"{'max_features': 'log2', 'max_samples': 0.65, 'n_estimators': 100}",5941,7,6,0,7,12,0.733399209,0.72,0.461538462,1,1,0.538461538,0,0.368421053,0.83974359,[0.         0.         0.         0.08333333 1.         1.        ],[0.         0.07692308 0.76923077 0.76923077 0.92307692 1.        ],[1.84325397 0.84325397 0.27910492 0.14444041 0.10806304 0.05215336]
FP<=2,"{'max_features': 'log2', 'max_samples': 0.75, 'n_estimators': 50}",5941,0,4,0,6,15,0.732806324,0.76,0.4,1,1,0.6,0,0.285714286,0.816666667,"[0.         0.         0.         0.06666667 0.06666667 0.13333333
 1.        ]",[0.  0.1 0.5 0.5 0.7 0.7 1. ],"[1.92047619 0.92047619 0.39996378 0.32504737 0.12192061 0.10585704
 0.0879847 ]"
FP<=1,"{'max_features': 'log2', 'max_samples': 0.75, 'n_estimators': 1000}",2582,5,5,2,2,16,0.730237154,0.84,0.714285714,0.888888889,0.714285714,0.285714286,0.285714286,0.111111111,0.861111111,"[0.         0.         0.         0.11111111 0.11111111 0.27777778
 1.        ]","[0.         0.14285714 0.42857143 0.42857143 0.85714286 0.85714286
 1.        ]","[1.93758381 0.93758381 0.69168627 0.60717041 0.4777708  0.12379501
 0.1195246 ]"
FP<=2,"{'max_features': 'log2', 'max_samples': 0.75, 'n_estimators': 100}",5941,2,7,0,4,14,0.728656126,0.84,0.636363636,1,1,0.363636364,0,0.222222222,0.902597403,"[0.         0.         0.         0.07142857 0.07142857 0.14285714
 1.         1.        ]","[0.         0.09090909 0.81818182 0.81818182 0.90909091 0.90909091
 0.90909091 1.        ]","[1.91476967 0.91476967 0.18271405 0.13379134 0.11495036 0.114494
 0.105694   0.08908376]"
FP<=2,"{'max_features': 'log2', 'max_samples': 0.65, 'n_estimators': 50}",5941,5,3,0,7,15,0.724703557,0.72,0.3,1,1,0.7,0,0.318181818,1,[0.         0.         0.         0.06666667 0.93333333 1.        ],[0.  0.1 1.  1.  1.  1. ],[1.78702175 0.78702175 0.25031409 0.14421206 0.10980212 0.10627555]
