Number,antecedents,consequents,antecedent support,# antecedent,# Samples,# Rule,support,confidence,Support * Confidence,lift,leverage,conviction,antecedents_len,consequents_len,# Rule mutations
1,"{""ANKH_GRCh38_5:14711100-14711100_3'UTR_DEL_A-A--""}","{""DRD5_GRCh38_4:9783725-9783725_3'UTR_SNP_G-G-C""}",0.029023747,11.00000011,379,9.000000058,0.023746702,0.818181818,0.01942912,16.32057416,0.022291686,5.224274406,1,1,2
2,"{""ANKH_GRCh38_5:14711100-14711100_3'UTR_DEL_A-A--"", 'RPL22_GRCh38_1:6197725-6197725_Frame-Shift-Del_DEL_T-T--'}","{""DRD5_GRCh38_4:9783725-9783725_3'UTR_SNP_G-G-C""}",0.015831135,6.000000165,379,6.000000165,0.015831135,1,0.015831135,19.94736842,0.015037489,inf,2,1,3
3,"{""CLVS1_GRCh38_8:61499736-61499736_3'UTR_DEL_T-T--"", 'RNF43_GRCh38_17:58357800-58357800_Frame-Shift-Del_DEL_C-C--'}",{'RPL22_GRCh38_1:6197725-6197725_Frame-Shift-Del_DEL_T-T--'},0.018469657,7.000000003,379,6.000000165,0.015831135,0.857142857,0.013569544,8.77992278,0.014028028,6.316622691,2,1,3
4,"{""DRD5_GRCh38_4:9783725-9783725_3'UTR_SNP_G-G-C"", ""BTBD7_GRCh38_14:93241685-93241685_3'UTR_DEL_A-A--""}",{'RPL22_GRCh38_1:6197725-6197725_Frame-Shift-Del_DEL_T-T--'},0.018469657,7.000000003,379,6.000000165,0.015831135,0.857142857,0.013569544,8.77992278,0.014028028,6.316622691,2,1,3
5,{'COBLL1_GRCh38_2:164694786-164694786_Frame-Shift-Del_DEL_A-A--'},{'RNF43_GRCh38_17:58357800-58357800_Frame-Shift-Del_DEL_C-C--'},0.018469657,7.000000003,379,6.000000165,0.015831135,0.857142857,0.013569544,9.281632653,0.014125493,6.353562005,1,1,2
6,"{""RNF2_GRCh38_1:185100903-185100903_3'UTR_DEL_T-T--""}",{'RPL22_GRCh38_1:6197725-6197725_Frame-Shift-Del_DEL_T-T--'},0.018469657,7.000000003,379,6.000000165,0.015831135,0.857142857,0.013569544,8.77992278,0.014028028,6.316622691,1,1,2
7,"{""NFIA_GRCh38_1:61077551-61077551_5'Flank_DEL_A-A--"", ""BCL7A_GRCh38_12:122060792-122060792_3'UTR_DEL_T-T--""}",{'RPL22_GRCh38_1:6197725-6197725_Frame-Shift-Del_DEL_T-T--'},0.013192612,4.999999948,379,4.999999948,0.013192612,1,0.013192612,10.24324324,0.011904679,inf,2,1,3
8,"{""DRD5_GRCh38_4:9783797-9783797_3'UTR_SNP_G-G-T"", ""NFIA_GRCh38_1:61077551-61077551_5'Flank_DEL_A-A--""}","{""DRD5_GRCh38_4:9783725-9783725_3'UTR_SNP_G-G-C""}",0.013192612,4.999999948,379,4.999999948,0.013192612,1,0.013192612,19.94736842,0.012531241,inf,2,1,3
9,"{""DRD5_GRCh38_4:9783797-9783797_3'UTR_SNP_G-G-T"", ""DZIP1_GRCh38_13:95581343-95581343_3'UTR_DEL_A-A--""}","{""DRD5_GRCh38_4:9783725-9783725_3'UTR_SNP_G-G-C""}",0.013192612,4.999999948,379,4.999999948,0.013192612,1,0.013192612,19.94736842,0.012531241,inf,2,1,3
10,"{""DRD5_GRCh38_4:9783797-9783797_3'UTR_SNP_G-G-T"", ""CLVS1_GRCh38_8:61499736-61499736_3'UTR_DEL_T-T--""}",{'RPL22_GRCh38_1:6197725-6197725_Frame-Shift-Del_DEL_T-T--'},0.013192612,4.999999948,379,4.999999948,0.013192612,1,0.013192612,10.24324324,0.011904679,inf,2,1,3
11,"{""DRD5_GRCh38_4:9783725-9783725_3'UTR_SNP_G-G-C"", 'JAK1_GRCh38_1:64841314-64841314_Frame-Shift-Del_DEL_T-T--'}","{""DRD5_GRCh38_4:9783797-9783797_3'UTR_SNP_G-G-T""}",0.013192612,4.999999948,379,4.999999948,0.013192612,1,0.013192612,27.07142857,0.012705286,inf,2,1,3
12,"{'MYO1A_GRCh38_12:57028789-57028789_Frame-Shift-Del_DEL_T-T--', ""DRD5_GRCh38_4:9783797-9783797_3'UTR_SNP_G-G-T""}","{""DRD5_GRCh38_4:9783725-9783725_3'UTR_SNP_G-G-C""}",0.013192612,4.999999948,379,4.999999948,0.013192612,1,0.013192612,19.94736842,0.012531241,inf,2,1,3
13,"{'MYO1A_GRCh38_12:57028789-57028789_Frame-Shift-Del_DEL_T-T--', ""DRD5_GRCh38_4:9783725-9783725_3'UTR_SNP_G-G-C""}","{""DRD5_GRCh38_4:9783797-9783797_3'UTR_SNP_G-G-T""}",0.013192612,4.999999948,379,4.999999948,0.013192612,1,0.013192612,27.07142857,0.012705286,inf,2,1,3
14,"{""FOXP1_GRCh38_3:70957155-70957155_3'UTR_DEL_T-T--""}",{'RPL22_GRCh38_1:6197725-6197725_Frame-Shift-Del_DEL_T-T--'},0.013192612,4.999999948,379,4.999999948,0.013192612,1,0.013192612,10.24324324,0.011904679,inf,1,1,2
15,"{'RPL22_GRCh38_1:6197725-6197725_Frame-Shift-Del_DEL_T-T--', 'UPF3A_GRCh38_13:114291736-114291736_Frame-Shift-Del_DEL_A-A--'}","{""DRD5_GRCh38_4:9783725-9783725_3'UTR_SNP_G-G-C""}",0.015831135,6.000000165,379,4.999999948,0.013192612,0.833333333,0.010993843,16.62280702,0.012398967,5.699208443,2,1,3
16,"{""DRD5_GRCh38_4:9783725-9783725_3'UTR_SNP_G-G-C"", 'UPF3A_GRCh38_13:114291736-114291736_Frame-Shift-Del_DEL_A-A--'}",{'RPL22_GRCh38_1:6197725-6197725_Frame-Shift-Del_DEL_T-T--'},0.015831135,6.000000165,379,4.999999948,0.013192612,0.833333333,0.010993843,8.536036036,0.011647092,5.414248021,2,1,3
17,"{""DRD5_GRCh38_4:9783725-9783725_3'UTR_SNP_G-G-C"", ""DZIP1_GRCh38_13:95581343-95581343_3'UTR_DEL_A-A--""}","{""DRD5_GRCh38_4:9783797-9783797_3'UTR_SNP_G-G-T""}",0.015831135,6.000000165,379,4.999999948,0.013192612,0.833333333,0.010993843,22.55952381,0.012607821,5.778364116,2,1,3
18,"{""DRD5_GRCh38_4:9783797-9783797_3'UTR_SNP_G-G-T"", ""DDHD1_GRCh38_14:53046732-53046762_3'UTR_DEL_AATCAGTTTTAGGCCATTCATGTCCTTCAAG-AATCAGTTTTAGGCCATTCATGTCCTTCAAG-TCAGTTTTAGGCCATTCATGTCCTTCA""}","{""DRD5_GRCh38_4:9783725-9783725_3'UTR_SNP_G-G-C""}",0.015831135,6.000000165,379,4.999999948,0.013192612,0.833333333,0.010993843,16.62280702,0.012398967,5.699208443,2,1,3
19,"{""DRD5_GRCh38_4:9783725-9783725_3'UTR_SNP_G-G-C"", ""DDHD1_GRCh38_14:53046732-53046762_3'UTR_DEL_AATCAGTTTTAGGCCATTCATGTCCTTCAAG-AATCAGTTTTAGGCCATTCATGTCCTTCAAG-TCAGTTTTAGGCCATTCATGTCCTTCA""}","{""DRD5_GRCh38_4:9783797-9783797_3'UTR_SNP_G-G-T""}",0.015831135,6.000000165,379,4.999999948,0.013192612,0.833333333,0.010993843,22.55952381,0.012607821,5.778364116,2,1,3
20,"{""DRD5_GRCh38_4:9783797-9783797_3'UTR_SNP_G-G-T"", ""BTBD7_GRCh38_14:93241685-93241685_3'UTR_DEL_A-A--""}","{""DRD5_GRCh38_4:9783725-9783725_3'UTR_SNP_G-G-C""}",0.015831135,6.000000165,379,4.999999948,0.013192612,0.833333333,0.010993843,16.62280702,0.012398967,5.699208443,2,1,3
21,"{""DRD5_GRCh38_4:9783797-9783797_3'UTR_SNP_G-G-T"", ""BTBD7_GRCh38_14:93241685-93241685_3'UTR_DEL_A-A--""}",{'RPL22_GRCh38_1:6197725-6197725_Frame-Shift-Del_DEL_T-T--'},0.015831135,6.000000165,379,4.999999948,0.013192612,0.833333333,0.010993843,8.536036036,0.011647092,5.414248021,2,1,3
22,"{'JAK1_GRCh38_1:64841314-64841314_Frame-Shift-Del_DEL_T-T--', ""BTBD7_GRCh38_14:93241685-93241685_3'UTR_DEL_A-A--""}",{'RPL22_GRCh38_1:6197725-6197725_Frame-Shift-Del_DEL_T-T--'},0.015831135,6.000000165,379,4.999999948,0.013192612,0.833333333,0.010993843,8.536036036,0.011647092,5.414248021,2,1,3
23,"{""NCOA3_GRCh38_20:47654241-47654241_3'Flank_DEL_T-T--"", ""CTNNA2_GRCh38_2:80648490-80648490_3'UTR_DEL_T-T--""}",{'RPL22_GRCh38_1:6197725-6197725_Frame-Shift-Del_DEL_T-T--'},0.015831135,6.000000165,379,4.999999948,0.013192612,0.833333333,0.010993843,8.536036036,0.011647092,5.414248021,2,1,3
24,"{""NCOA3_GRCh38_20:47654241-47654241_3'Flank_DEL_T-T--"", ""DRD5_GRCh38_4:9783725-9783725_3'UTR_SNP_G-G-C""}",{'RPL22_GRCh38_1:6197725-6197725_Frame-Shift-Del_DEL_T-T--'},0.015831135,6.000000165,379,4.999999948,0.013192612,0.833333333,0.010993843,8.536036036,0.011647092,5.414248021,2,1,3
25,"{""DRD5_GRCh38_4:9783797-9783797_3'UTR_SNP_G-G-T"", 'JAK1_GRCh38_1:64841314-64841314_Frame-Shift-Del_DEL_T-T--'}","{""DRD5_GRCh38_4:9783725-9783725_3'UTR_SNP_G-G-C""}",0.015831135,6.000000165,379,4.999999948,0.013192612,0.833333333,0.010993843,16.62280702,0.012398967,5.699208443,2,1,3
26,"{""DRD5_GRCh38_4:9783797-9783797_3'UTR_SNP_G-G-T"", ""ASB7_GRCh38_15:100649089-100649089_3'UTR_DEL_T-T--""}",{'RPL22_GRCh38_1:6197725-6197725_Frame-Shift-Del_DEL_T-T--'},0.015831135,6.000000165,379,4.999999948,0.013192612,0.833333333,0.010993843,8.536036036,0.011647092,5.414248021,2,1,3
27,"{""DRD5_GRCh38_4:9783797-9783797_3'UTR_SNP_G-G-T"", 'JAK1_GRCh38_1:64841314-64841314_Frame-Shift-Del_DEL_T-T--'}",{'RPL22_GRCh38_1:6197725-6197725_Frame-Shift-Del_DEL_T-T--'},0.015831135,6.000000165,379,4.999999948,0.013192612,0.833333333,0.010993843,8.536036036,0.011647092,5.414248021,2,1,3
28,{'GRHL3_GRCh38_1:24355233-24355233_Intron_DEL_T-T--'},"{""CTNNA2_GRCh38_2:80648490-80648490_3'UTR_DEL_T-T--""}",0.015831135,6.000000165,379,4.999999948,0.013192612,0.833333333,0.010993843,19.73958333,0.012524279,5.746701847,1,1,2
29,{'DENND1C_GRCh38_19:6477240-6477240_Frame-Shift-Del_DEL_G-G--'},"{""DRD5_GRCh38_4:9783725-9783725_3'UTR_SNP_G-G-C""}",0.015831135,6.000000165,379,4.999999948,0.013192612,0.833333333,0.010993843,16.62280702,0.012398967,5.699208443,1,1,2
30,"{'RPL22_GRCh38_1:6197725-6197725_Frame-Shift-Del_DEL_T-T--', ""CLVS1_GRCh38_8:61499736-61499736_3'UTR_DEL_T-T--"", ""PRKCE_GRCh38_2:46187716-46187716_3'UTR_DEL_A-A--""}",{'RNF43_GRCh38_17:58357800-58357800_Frame-Shift-Del_DEL_C-C--'},0.01055409,4.00000011,379,4.00000011,0.01055409,1,0.01055409,10.82857143,0.009579438,inf,3,1,4
31,"{'RPL22_GRCh38_1:6197725-6197725_Frame-Shift-Del_DEL_T-T--', 'RNF43_GRCh38_17:58357800-58357800_Frame-Shift-Del_DEL_C-C--', ""PRKCE_GRCh38_2:46187716-46187716_3'UTR_DEL_A-A--""}","{""CLVS1_GRCh38_8:61499736-61499736_3'UTR_DEL_T-T--""}",0.01055409,4.00000011,379,4.00000011,0.01055409,1,0.01055409,27.07142857,0.010164229,inf,3,1,4
32,"{""CLVS1_GRCh38_8:61499736-61499736_3'UTR_DEL_T-T--"", 'RNF43_GRCh38_17:58357800-58357800_Frame-Shift-Del_DEL_C-C--', ""PRKCE_GRCh38_2:46187716-46187716_3'UTR_DEL_A-A--""}",{'RPL22_GRCh38_1:6197725-6197725_Frame-Shift-Del_DEL_T-T--'},0.01055409,4.00000011,379,4.00000011,0.01055409,1,0.01055409,10.24324324,0.009523743,inf,3,1,4
33,"{'RPL22_GRCh38_1:6197725-6197725_Frame-Shift-Del_DEL_T-T--', ""DRD5_GRCh38_4:9783797-9783797_3'UTR_SNP_G-G-T"", 'RNF43_GRCh38_17:58357800-58357800_Frame-Shift-Del_DEL_C-C--'}","{""CTNNA2_GRCh38_2:80648490-80648490_3'UTR_DEL_T-T--""}",0.01055409,4.00000011,379,4.00000011,0.01055409,1,0.01055409,23.6875,0.010108534,inf,3,1,4
34,"{'RPL22_GRCh38_1:6197725-6197725_Frame-Shift-Del_DEL_T-T--', ""DRD5_GRCh38_4:9783797-9783797_3'UTR_SNP_G-G-T"", ""CTNNA2_GRCh38_2:80648490-80648490_3'UTR_DEL_T-T--""}",{'RNF43_GRCh38_17:58357800-58357800_Frame-Shift-Del_DEL_C-C--'},0.01055409,4.00000011,379,4.00000011,0.01055409,1,0.01055409,10.82857143,0.009579438,inf,3,1,4
35,"{""DRD5_GRCh38_4:9783797-9783797_3'UTR_SNP_G-G-T"", 'RNF43_GRCh38_17:58357800-58357800_Frame-Shift-Del_DEL_C-C--', ""CTNNA2_GRCh38_2:80648490-80648490_3'UTR_DEL_T-T--""}",{'RPL22_GRCh38_1:6197725-6197725_Frame-Shift-Del_DEL_T-T--'},0.01055409,4.00000011,379,4.00000011,0.01055409,1,0.01055409,10.24324324,0.009523743,inf,3,1,4
36,"{""DRD5_GRCh38_4:9783797-9783797_3'UTR_SNP_G-G-T"", ""CTNNA2_GRCh38_2:80648490-80648490_3'UTR_DEL_T-T--""}","{'RPL22_GRCh38_1:6197725-6197725_Frame-Shift-Del_DEL_T-T--', 'RNF43_GRCh38_17:58357800-58357800_Frame-Shift-Del_DEL_C-C--'}",0.01055409,4.00000011,379,4.00000011,0.01055409,1,0.01055409,29.15384615,0.010192076,inf,2,2,4
37,"{""DRD5_GRCh38_4:9783797-9783797_3'UTR_SNP_G-G-T"", ""DRD5_GRCh38_4:9783725-9783725_3'UTR_SNP_G-G-C"", 'INPPL1_GRCh38_11:72237704-72237704_Frame-Shift-Del_DEL_C-C--'}","{""NFIA_GRCh38_1:61077551-61077551_5'Flank_DEL_A-A--""}",0.01055409,4.00000011,379,4.00000011,0.01055409,1,0.01055409,27.07142857,0.010164229,inf,3,1,4
38,"{""DRD5_GRCh38_4:9783797-9783797_3'UTR_SNP_G-G-T"", 'INPPL1_GRCh38_11:72237704-72237704_Frame-Shift-Del_DEL_C-C--', ""NFIA_GRCh38_1:61077551-61077551_5'Flank_DEL_A-A--""}","{""DRD5_GRCh38_4:9783725-9783725_3'UTR_SNP_G-G-C""}",0.01055409,4.00000011,379,4.00000011,0.01055409,1,0.01055409,19.94736842,0.010024993,inf,3,1,4
39,"{""DRD5_GRCh38_4:9783725-9783725_3'UTR_SNP_G-G-C"", 'INPPL1_GRCh38_11:72237704-72237704_Frame-Shift-Del_DEL_C-C--', ""NFIA_GRCh38_1:61077551-61077551_5'Flank_DEL_A-A--""}","{""DRD5_GRCh38_4:9783797-9783797_3'UTR_SNP_G-G-T""}",0.01055409,4.00000011,379,4.00000011,0.01055409,1,0.01055409,27.07142857,0.010164229,inf,3,1,4
40,"{'INPPL1_GRCh38_11:72237704-72237704_Frame-Shift-Del_DEL_C-C--', ""NFIA_GRCh38_1:61077551-61077551_5'Flank_DEL_A-A--""}","{""DRD5_GRCh38_4:9783797-9783797_3'UTR_SNP_G-G-T"", ""DRD5_GRCh38_4:9783725-9783725_3'UTR_SNP_G-G-C""}",0.01055409,4.00000011,379,4.00000011,0.01055409,1,0.01055409,34.45454545,0.01024777,inf,2,2,4
41,"{""ANKH_GRCh38_5:14711100-14711100_3'UTR_DEL_A-A--"", 'RPL22_GRCh38_1:6197725-6197725_Frame-Shift-Del_DEL_T-T--', 'UPF3A_GRCh38_13:114291736-114291736_Frame-Shift-Del_DEL_A-A--'}","{""DRD5_GRCh38_4:9783725-9783725_3'UTR_SNP_G-G-C""}",0.01055409,4.00000011,379,4.00000011,0.01055409,1,0.01055409,19.94736842,0.010024993,inf,3,1,4
42,"{""ANKH_GRCh38_5:14711100-14711100_3'UTR_DEL_A-A--"", ""DRD5_GRCh38_4:9783725-9783725_3'UTR_SNP_G-G-C"", 'UPF3A_GRCh38_13:114291736-114291736_Frame-Shift-Del_DEL_A-A--'}",{'RPL22_GRCh38_1:6197725-6197725_Frame-Shift-Del_DEL_T-T--'},0.01055409,4.00000011,379,4.00000011,0.01055409,1,0.01055409,10.24324324,0.009523743,inf,3,1,4
43,"{""ANKH_GRCh38_5:14711100-14711100_3'UTR_DEL_A-A--"", 'UPF3A_GRCh38_13:114291736-114291736_Frame-Shift-Del_DEL_A-A--'}","{'RPL22_GRCh38_1:6197725-6197725_Frame-Shift-Del_DEL_T-T--', ""DRD5_GRCh38_4:9783725-9783725_3'UTR_SNP_G-G-C""}",0.01055409,4.00000011,379,4.00000011,0.01055409,1,0.01055409,37.9,0.010275618,inf,2,2,4
44,"{""ANKH_GRCh38_5:14711100-14711100_3'UTR_DEL_A-A--"", 'RPL22_GRCh38_1:6197725-6197725_Frame-Shift-Del_DEL_T-T--', ""NCOA3_GRCh38_20:47654241-47654241_3'Flank_DEL_T-T--""}","{""DRD5_GRCh38_4:9783725-9783725_3'UTR_SNP_G-G-C""}",0.01055409,4.00000011,379,4.00000011,0.01055409,1,0.01055409,19.94736842,0.010024993,inf,3,1,4
45,"{""ANKH_GRCh38_5:14711100-14711100_3'UTR_DEL_A-A--"", ""NCOA3_GRCh38_20:47654241-47654241_3'Flank_DEL_T-T--"", ""DRD5_GRCh38_4:9783725-9783725_3'UTR_SNP_G-G-C""}",{'RPL22_GRCh38_1:6197725-6197725_Frame-Shift-Del_DEL_T-T--'},0.01055409,4.00000011,379,4.00000011,0.01055409,1,0.01055409,10.24324324,0.009523743,inf,3,1,4
46,"{""DRD5_GRCh38_4:9783797-9783797_3'UTR_SNP_G-G-T"", ""AK2_GRCh38_1:33009897-33009897_3'Flank_DEL_A-A--"", ""DRD5_GRCh38_4:9783725-9783725_3'UTR_SNP_G-G-C""}","{""DDHD1_GRCh38_14:53046732-53046762_3'UTR_DEL_AATCAGTTTTAGGCCATTCATGTCCTTCAAG-AATCAGTTTTAGGCCATTCATGTCCTTCAAG-TCAGTTTTAGGCCATTCATGTCCTTCA""}",0.01055409,4.00000011,379,4.00000011,0.01055409,1,0.01055409,27.07142857,0.010164229,inf,3,1,4
47,"{""DRD5_GRCh38_4:9783797-9783797_3'UTR_SNP_G-G-T"", ""AK2_GRCh38_1:33009897-33009897_3'Flank_DEL_A-A--"", ""DDHD1_GRCh38_14:53046732-53046762_3'UTR_DEL_AATCAGTTTTAGGCCATTCATGTCCTTCAAG-AATCAGTTTTAGGCCATTCATGTCCTTCAAG-TCAGTTTTAGGCCATTCATGTCCTTCA""}","{""DRD5_GRCh38_4:9783725-9783725_3'UTR_SNP_G-G-C""}",0.01055409,4.00000011,379,4.00000011,0.01055409,1,0.01055409,19.94736842,0.010024993,inf,3,1,4
48,"{""AK2_GRCh38_1:33009897-33009897_3'Flank_DEL_A-A--"", ""DRD5_GRCh38_4:9783725-9783725_3'UTR_SNP_G-G-C"", ""DDHD1_GRCh38_14:53046732-53046762_3'UTR_DEL_AATCAGTTTTAGGCCATTCATGTCCTTCAAG-AATCAGTTTTAGGCCATTCATGTCCTTCAAG-TCAGTTTTAGGCCATTCATGTCCTTCA""}","{""DRD5_GRCh38_4:9783797-9783797_3'UTR_SNP_G-G-T""}",0.01055409,4.00000011,379,4.00000011,0.01055409,1,0.01055409,27.07142857,0.010164229,inf,3,1,4
49,"{""DRD5_GRCh38_4:9783797-9783797_3'UTR_SNP_G-G-T"", ""AK2_GRCh38_1:33009897-33009897_3'Flank_DEL_A-A--""}","{""DRD5_GRCh38_4:9783725-9783725_3'UTR_SNP_G-G-C"", ""DDHD1_GRCh38_14:53046732-53046762_3'UTR_DEL_AATCAGTTTTAGGCCATTCATGTCCTTCAAG-AATCAGTTTTAGGCCATTCATGTCCTTCAAG-TCAGTTTTAGGCCATTCATGTCCTTCA""}",0.01055409,4.00000011,379,4.00000011,0.01055409,1,0.01055409,63.16666667,0.010387006,inf,2,2,4
50,"{""AK2_GRCh38_1:33009897-33009897_3'Flank_DEL_A-A--"", ""DRD5_GRCh38_4:9783725-9783725_3'UTR_SNP_G-G-C""}","{""DRD5_GRCh38_4:9783797-9783797_3'UTR_SNP_G-G-T"", ""DDHD1_GRCh38_14:53046732-53046762_3'UTR_DEL_AATCAGTTTTAGGCCATTCATGTCCTTCAAG-AATCAGTTTTAGGCCATTCATGTCCTTCAAG-TCAGTTTTAGGCCATTCATGTCCTTCA""}",0.01055409,4.00000011,379,4.00000011,0.01055409,1,0.01055409,63.16666667,0.010387006,inf,2,2,4
51,"{""DRD5_GRCh38_4:9783797-9783797_3'UTR_SNP_G-G-T"", ""DRD5_GRCh38_4:9783725-9783725_3'UTR_SNP_G-G-C"", ""BCL7A_GRCh38_12:122060792-122060792_3'UTR_DEL_T-T--""}",{'SETD1B_GRCh38_12:121804752-121804752_Frame-Shift-Del_DEL_C-C--'},0.01055409,4.00000011,379,4.00000011,0.01055409,1,0.01055409,22.29411765,0.010080687,inf,3,1,4
52,"{""DRD5_GRCh38_4:9783797-9783797_3'UTR_SNP_G-G-T"", ""DRD5_GRCh38_4:9783725-9783725_3'UTR_SNP_G-G-C"", 'SETD1B_GRCh38_12:121804752-121804752_Frame-Shift-Del_DEL_C-C--'}","{""BCL7A_GRCh38_12:122060792-122060792_3'UTR_DEL_T-T--""}",0.01055409,4.00000011,379,4.00000011,0.01055409,1,0.01055409,34.45454545,0.01024777,inf,3,1,4
53,"{""DRD5_GRCh38_4:9783797-9783797_3'UTR_SNP_G-G-T"", ""BCL7A_GRCh38_12:122060792-122060792_3'UTR_DEL_T-T--"", 'SETD1B_GRCh38_12:121804752-121804752_Frame-Shift-Del_DEL_C-C--'}","{""DRD5_GRCh38_4:9783725-9783725_3'UTR_SNP_G-G-C""}",0.01055409,4.00000011,379,4.00000011,0.01055409,1,0.01055409,19.94736842,0.010024993,inf,3,1,4
54,"{'SETD1B_GRCh38_12:121804752-121804752_Frame-Shift-Del_DEL_C-C--', ""DRD5_GRCh38_4:9783725-9783725_3'UTR_SNP_G-G-C"", ""BCL7A_GRCh38_12:122060792-122060792_3'UTR_DEL_T-T--""}","{""DRD5_GRCh38_4:9783797-9783797_3'UTR_SNP_G-G-T""}",0.01055409,4.00000011,379,4.00000011,0.01055409,1,0.01055409,27.07142857,0.010164229,inf,3,1,4
55,"{""DRD5_GRCh38_4:9783797-9783797_3'UTR_SNP_G-G-T"", ""BCL7A_GRCh38_12:122060792-122060792_3'UTR_DEL_T-T--""}","{'SETD1B_GRCh38_12:121804752-121804752_Frame-Shift-Del_DEL_C-C--', ""DRD5_GRCh38_4:9783725-9783725_3'UTR_SNP_G-G-C""}",0.01055409,4.00000011,379,4.00000011,0.01055409,1,0.01055409,75.8,0.010414854,inf,2,2,4
56,"{""DRD5_GRCh38_4:9783797-9783797_3'UTR_SNP_G-G-T"", 'JAK1_GRCh38_1:64841314-64841314_Frame-Shift-Del_DEL_T-T--', ""DZIP1_GRCh38_13:95581343-95581343_3'UTR_DEL_A-A--""}","{""DRD5_GRCh38_4:9783725-9783725_3'UTR_SNP_G-G-C""}",0.01055409,4.00000011,379,4.00000011,0.01055409,1,0.01055409,19.94736842,0.010024993,inf,3,1,4
57,"{""DRD5_GRCh38_4:9783725-9783725_3'UTR_SNP_G-G-C"", 'JAK1_GRCh38_1:64841314-64841314_Frame-Shift-Del_DEL_T-T--', ""DZIP1_GRCh38_13:95581343-95581343_3'UTR_DEL_A-A--""}","{""DRD5_GRCh38_4:9783797-9783797_3'UTR_SNP_G-G-T""}",0.01055409,4.00000011,379,4.00000011,0.01055409,1,0.01055409,27.07142857,0.010164229,inf,3,1,4
58,"{'RPL22_GRCh38_1:6197725-6197725_Frame-Shift-Del_DEL_T-T--', ""DRD5_GRCh38_4:9783725-9783725_3'UTR_SNP_G-G-C"", 'JAK1_GRCh38_1:64841314-64841314_Frame-Shift-Del_DEL_T-T--'}","{""DRD5_GRCh38_4:9783797-9783797_3'UTR_SNP_G-G-T""}",0.01055409,4.00000011,379,4.00000011,0.01055409,1,0.01055409,27.07142857,0.010164229,inf,3,1,4
59,"{'RPL22_GRCh38_1:6197725-6197725_Frame-Shift-Del_DEL_T-T--', ""DRD5_GRCh38_4:9783797-9783797_3'UTR_SNP_G-G-T"", ""ZFP91_GRCh38_11:58618955-58618955_3'UTR_DEL_T-T--""}",{'JAK1_GRCh38_1:64841314-64841314_Frame-Shift-Del_DEL_T-T--'},0.01055409,4.00000011,379,4.00000011,0.01055409,1,0.01055409,23.6875,0.010108534,inf,3,1,4
60,"{""DRD5_GRCh38_4:9783797-9783797_3'UTR_SNP_G-G-T"", 'JAK1_GRCh38_1:64841314-64841314_Frame-Shift-Del_DEL_T-T--', ""ZFP91_GRCh38_11:58618955-58618955_3'UTR_DEL_T-T--""}",{'RPL22_GRCh38_1:6197725-6197725_Frame-Shift-Del_DEL_T-T--'},0.01055409,4.00000011,379,4.00000011,0.01055409,1,0.01055409,10.24324324,0.009523743,inf,3,1,4
61,"{'RPL22_GRCh38_1:6197725-6197725_Frame-Shift-Del_DEL_T-T--', 'JAK1_GRCh38_1:64841314-64841314_Frame-Shift-Del_DEL_T-T--', ""ZFP91_GRCh38_11:58618955-58618955_3'UTR_DEL_T-T--""}","{""DRD5_GRCh38_4:9783797-9783797_3'UTR_SNP_G-G-T""}",0.01055409,4.00000011,379,4.00000011,0.01055409,1,0.01055409,27.07142857,0.010164229,inf,3,1,4
62,"{'JAK1_GRCh38_1:64841314-64841314_Frame-Shift-Del_DEL_T-T--', ""ZFP91_GRCh38_11:58618955-58618955_3'UTR_DEL_T-T--""}","{'RPL22_GRCh38_1:6197725-6197725_Frame-Shift-Del_DEL_T-T--', ""DRD5_GRCh38_4:9783797-9783797_3'UTR_SNP_G-G-T""}",0.01055409,4.00000011,379,4.00000011,0.01055409,1,0.01055409,42.11111111,0.010303465,inf,2,2,4
63,"{'ESRP1_GRCh38_8:94674383-94674383_Frame-Shift-Del_DEL_A-A--', 'SETD1B_GRCh38_12:121804752-121804752_Frame-Shift-Del_DEL_C-C--'}",{'RPL22_GRCh38_1:6197725-6197725_Frame-Shift-Del_DEL_T-T--'},0.01055409,4.00000011,379,4.00000011,0.01055409,1,0.01055409,10.24324324,0.009523743,inf,2,1,3
64,"{'ESRP1_GRCh38_8:94674383-94674383_Frame-Shift-Del_DEL_A-A--', ""DRD5_GRCh38_4:9783725-9783725_3'UTR_SNP_G-G-C""}",{'RPL22_GRCh38_1:6197725-6197725_Frame-Shift-Del_DEL_T-T--'},0.01055409,4.00000011,379,4.00000011,0.01055409,1,0.01055409,10.24324324,0.009523743,inf,2,1,3
65,"{'ESRP1_GRCh38_8:94674383-94674383_Frame-Shift-Del_DEL_A-A--', ""DRD5_GRCh38_4:9783797-9783797_3'UTR_SNP_G-G-T""}",{'RPL22_GRCh38_1:6197725-6197725_Frame-Shift-Del_DEL_T-T--'},0.01055409,4.00000011,379,4.00000011,0.01055409,1,0.01055409,10.24324324,0.009523743,inf,2,1,3
66,"{'ESRP1_GRCh38_8:94674383-94674383_Frame-Shift-Del_DEL_A-A--', ""RNF2_GRCh38_1:185100903-185100903_3'UTR_DEL_T-T--""}",{'RPL22_GRCh38_1:6197725-6197725_Frame-Shift-Del_DEL_T-T--'},0.01055409,4.00000011,379,4.00000011,0.01055409,1,0.01055409,10.24324324,0.009523743,inf,2,1,3
67,"{""RBM12B_GRCh38_8:93731891-93731891_3'UTR_DEL_T-T--"", ""NFIA_GRCh38_1:61077551-61077551_5'Flank_DEL_A-A--""}",{'RPL22_GRCh38_1:6197725-6197725_Frame-Shift-Del_DEL_T-T--'},0.01055409,4.00000011,379,4.00000011,0.01055409,1,0.01055409,10.24324324,0.009523743,inf,2,1,3
68,"{""NCOA3_GRCh38_20:47654241-47654241_3'Flank_DEL_T-T--"", ""RBM12B_GRCh38_8:93731891-93731891_3'UTR_DEL_T-T--""}",{'RPL22_GRCh38_1:6197725-6197725_Frame-Shift-Del_DEL_T-T--'},0.01055409,4.00000011,379,4.00000011,0.01055409,1,0.01055409,10.24324324,0.009523743,inf,2,1,3
69,"{""AFF1_GRCh38_4:87140850-87140850_3'UTR_DEL_T-T--"", ""MAF_GRCh38_16:79596887-79596887_3'UTR_DEL_T-T--""}","{""C3orf70_GRCh38_3:185078064-185078064_3'UTR_DEL_A-A--""}",0.01055409,4.00000011,379,4.00000011,0.01055409,1,0.01055409,34.45454545,0.01024777,inf,2,1,3
70,"{""AFF1_GRCh38_4:87140850-87140850_3'UTR_DEL_T-T--"", ""C3orf70_GRCh38_3:185078064-185078064_3'UTR_DEL_A-A--""}","{""MAF_GRCh38_16:79596887-79596887_3'UTR_DEL_T-T--""}",0.01055409,4.00000011,379,4.00000011,0.01055409,1,0.01055409,42.11111111,0.010303465,inf,2,1,3
71,"{'UPF3A_GRCh38_13:114291736-114291736_Frame-Shift-Del_DEL_A-A--', ""CTNNA2_GRCh38_2:80648490-80648490_3'UTR_DEL_T-T--""}",{'RNF43_GRCh38_17:58357800-58357800_Frame-Shift-Del_DEL_C-C--'},0.01055409,4.00000011,379,4.00000011,0.01055409,1,0.01055409,10.82857143,0.009579438,inf,2,1,3
72,"{""PRKCE_GRCh38_2:46187716-46187716_3'UTR_DEL_A-A--"", ""CSNK1G1_GRCh38_15:64169061-64169061_3'UTR_DEL_A-A--""}",{'RNF43_GRCh38_17:58357800-58357800_Frame-Shift-Del_DEL_C-C--'},0.01055409,4.00000011,379,4.00000011,0.01055409,1,0.01055409,10.82857143,0.009579438,inf,2,1,3
73,"{'LMAN1_GRCh38_18:59345962-59345962_Frame-Shift-Del_DEL_T-T--', ""CSNK1G1_GRCh38_15:64169061-64169061_3'UTR_DEL_A-A--""}",{'RNF43_GRCh38_17:58357800-58357800_Frame-Shift-Del_DEL_C-C--'},0.01055409,4.00000011,379,4.00000011,0.01055409,1,0.01055409,10.82857143,0.009579438,inf,2,1,3
74,"{""DRD5_GRCh38_4:9783797-9783797_3'UTR_SNP_G-G-T"", ""CSNK1G1_GRCh38_15:64169061-64169061_3'UTR_DEL_A-A--""}",{'RNF43_GRCh38_17:58357800-58357800_Frame-Shift-Del_DEL_C-C--'},0.01055409,4.00000011,379,4.00000011,0.01055409,1,0.01055409,10.82857143,0.009579438,inf,2,1,3
75,"{'RNF43_GRCh38_17:58357800-58357800_Frame-Shift-Del_DEL_C-C--', ""ZFP91_GRCh38_11:58618955-58618955_3'UTR_DEL_T-T--""}","{""IRX3_GRCh38_16:54283619-54283619_3'UTR_DEL_T-T--""}",0.01055409,4.00000011,379,4.00000011,0.01055409,1,0.01055409,31.58333333,0.010219923,inf,2,1,3
76,"{""DRD5_GRCh38_4:9783797-9783797_3'UTR_SNP_G-G-T"", ""PRKCE_GRCh38_2:46187716-46187716_3'UTR_DEL_A-A--""}",{'RNF43_GRCh38_17:58357800-58357800_Frame-Shift-Del_DEL_C-C--'},0.01055409,4.00000011,379,4.00000011,0.01055409,1,0.01055409,10.82857143,0.009579438,inf,2,1,3
77,"{""MMP16_GRCh38_8:88040137-88040137_3'UTR_DEL_A-A--"", 'RNF43_GRCh38_17:58357800-58357800_Frame-Shift-Del_DEL_C-C--'}","{""CTNNA2_GRCh38_2:80648490-80648490_3'UTR_DEL_T-T--""}",0.01055409,4.00000011,379,4.00000011,0.01055409,1,0.01055409,23.6875,0.010108534,inf,2,1,3
78,"{""MMP16_GRCh38_8:88040137-88040137_3'UTR_DEL_A-A--"", ""CTNNA2_GRCh38_2:80648490-80648490_3'UTR_DEL_T-T--""}",{'RNF43_GRCh38_17:58357800-58357800_Frame-Shift-Del_DEL_C-C--'},0.01055409,4.00000011,379,4.00000011,0.01055409,1,0.01055409,10.82857143,0.009579438,inf,2,1,3
79,"{""API5_GRCh38_11:43343196-43343196_3'Flank_SNP_G-G-A"", ""DDHD1_GRCh38_14:53046732-53046762_3'UTR_DEL_AATCAGTTTTAGGCCATTCATGTCCTTCAAG-AATCAGTTTTAGGCCATTCATGTCCTTCAAG-TCAGTTTTAGGCCATTCATGTCCTTCA""}",{'RNF43_GRCh38_17:58357800-58357800_Frame-Shift-Del_DEL_C-C--'},0.01055409,4.00000011,379,4.00000011,0.01055409,1,0.01055409,10.82857143,0.009579438,inf,2,1,3
80,"{'LMAN1_GRCh38_18:59345962-59345962_Frame-Shift-Del_DEL_T-T--', ""CLVS1_GRCh38_8:61499736-61499736_3'UTR_DEL_T-T--""}",{'RNF43_GRCh38_17:58357800-58357800_Frame-Shift-Del_DEL_C-C--'},0.01055409,4.00000011,379,4.00000011,0.01055409,1,0.01055409,10.82857143,0.009579438,inf,2,1,3
81,"{""DRD5_GRCh38_4:9783797-9783797_3'UTR_SNP_G-G-T"", ""CTNNA2_GRCh38_2:80648490-80648490_3'UTR_DEL_T-T--""}",{'RNF43_GRCh38_17:58357800-58357800_Frame-Shift-Del_DEL_C-C--'},0.01055409,4.00000011,379,4.00000011,0.01055409,1,0.01055409,10.82857143,0.009579438,inf,2,1,3
82,"{'BCOR_GRCh38_X:40062191-40062191_Missense-Mutation_SNP_T-T-C', 'MSH3_GRCh38_5:80675096-80675096_Frame-Shift-Del_DEL_A-A--'}","{""GRIA2_GRCh38_4:157221000-157221000_5'UTR_DEL_A-A--""}",0.01055409,4.00000011,379,4.00000011,0.01055409,1,0.01055409,23.6875,0.010108534,inf,2,1,3
83,"{'BCOR_GRCh38_X:40062191-40062191_Missense-Mutation_SNP_T-T-C', ""GRIA2_GRCh38_4:157221000-157221000_5'UTR_DEL_A-A--""}",{'MSH3_GRCh38_5:80675096-80675096_Frame-Shift-Del_DEL_A-A--'},0.01055409,4.00000011,379,4.00000011,0.01055409,1,0.01055409,29.15384615,0.010192076,inf,2,1,3
84,"{'BCOR_GRCh38_X:40062191-40062191_Missense-Mutation_SNP_T-T-C', ""DRD5_GRCh38_4:9783797-9783797_3'UTR_SNP_G-G-T""}","{""DRD5_GRCh38_4:9783725-9783725_3'UTR_SNP_G-G-C""}",0.01055409,4.00000011,379,4.00000011,0.01055409,1,0.01055409,19.94736842,0.010024993,inf,2,1,3
85,"{'BCOR_GRCh38_X:40062191-40062191_Missense-Mutation_SNP_T-T-C', ""DRD5_GRCh38_4:9783725-9783725_3'UTR_SNP_G-G-C""}","{""DRD5_GRCh38_4:9783797-9783797_3'UTR_SNP_G-G-T""}",0.01055409,4.00000011,379,4.00000011,0.01055409,1,0.01055409,27.07142857,0.010164229,inf,2,1,3
86,"{""ANKH_GRCh38_5:14711100-14711100_3'UTR_DEL_A-A--"", ""NFIA_GRCh38_1:61077551-61077551_5'Flank_DEL_A-A--""}","{""DRD5_GRCh38_4:9783725-9783725_3'UTR_SNP_G-G-C""}",0.01055409,4.00000011,379,4.00000011,0.01055409,1,0.01055409,19.94736842,0.010024993,inf,2,1,3
87,"{'INPPL1_GRCh38_11:72237704-72237704_Frame-Shift-Del_DEL_C-C--', ""NFIA_GRCh38_1:61077551-61077551_5'Flank_DEL_A-A--""}","{""DRD5_GRCh38_4:9783725-9783725_3'UTR_SNP_G-G-C""}",0.01055409,4.00000011,379,4.00000011,0.01055409,1,0.01055409,19.94736842,0.010024993,inf,2,1,3
88,"{'INPPL1_GRCh38_11:72237704-72237704_Frame-Shift-Del_DEL_C-C--', ""NFIA_GRCh38_1:61077551-61077551_5'Flank_DEL_A-A--""}","{""DRD5_GRCh38_4:9783797-9783797_3'UTR_SNP_G-G-T""}",0.01055409,4.00000011,379,4.00000011,0.01055409,1,0.01055409,27.07142857,0.010164229,inf,2,1,3
89,"{""NFIA_GRCh38_1:61077551-61077551_5'Flank_DEL_A-A--"", ""BTBD7_GRCh38_14:93241685-93241685_3'UTR_DEL_A-A--""}",{'RPL22_GRCh38_1:6197725-6197725_Frame-Shift-Del_DEL_T-T--'},0.01055409,4.00000011,379,4.00000011,0.01055409,1,0.01055409,10.24324324,0.009523743,inf,2,1,3
90,"{""NFIA_GRCh38_1:61077551-61077551_5'Flank_DEL_A-A--"", ""ZFP91_GRCh38_11:58618955-58618955_3'UTR_DEL_T-T--""}",{'RPL22_GRCh38_1:6197725-6197725_Frame-Shift-Del_DEL_T-T--'},0.01055409,4.00000011,379,4.00000011,0.01055409,1,0.01055409,10.24324324,0.009523743,inf,2,1,3
91,"{""G3BP1_GRCh38_5:151804929-151804929_3'UTR_DEL_A-A--"", 'POTEG_GRCh38_14:18977294-18977294_RNA_SNP_T-T-C'}","{""CSNK1G1_GRCh38_15:64169061-64169061_3'UTR_DEL_A-A--""}",0.01055409,4.00000011,379,4.00000011,0.01055409,1,0.01055409,23.6875,0.010108534,inf,2,1,3
92,"{'POTEG_GRCh38_14:18977294-18977294_RNA_SNP_T-T-C', ""CSNK1G1_GRCh38_15:64169061-64169061_3'UTR_DEL_A-A--""}","{""G3BP1_GRCh38_5:151804929-151804929_3'UTR_DEL_A-A--""}",0.01055409,4.00000011,379,4.00000011,0.01055409,1,0.01055409,27.07142857,0.010164229,inf,2,1,3
93,"{'POTEG_GRCh38_14:18977294-18977294_RNA_SNP_T-T-C', ""ZFP91_GRCh38_11:58618955-58618955_3'UTR_DEL_T-T--""}",{'RPL22_GRCh38_1:6197725-6197725_Frame-Shift-Del_DEL_T-T--'},0.01055409,4.00000011,379,4.00000011,0.01055409,1,0.01055409,10.24324324,0.009523743,inf,2,1,3
94,"{""ANKH_GRCh38_5:14711100-14711100_3'UTR_DEL_A-A--"", 'UPF3A_GRCh38_13:114291736-114291736_Frame-Shift-Del_DEL_A-A--'}","{""DRD5_GRCh38_4:9783725-9783725_3'UTR_SNP_G-G-C""}",0.01055409,4.00000011,379,4.00000011,0.01055409,1,0.01055409,19.94736842,0.010024993,inf,2,1,3
95,"{""ANKH_GRCh38_5:14711100-14711100_3'UTR_DEL_A-A--"", 'UPF3A_GRCh38_13:114291736-114291736_Frame-Shift-Del_DEL_A-A--'}",{'RPL22_GRCh38_1:6197725-6197725_Frame-Shift-Del_DEL_T-T--'},0.01055409,4.00000011,379,4.00000011,0.01055409,1,0.01055409,10.24324324,0.009523743,inf,2,1,3
96,"{""ANKH_GRCh38_5:14711100-14711100_3'UTR_DEL_A-A--"", ""API5_GRCh38_11:43343196-43343196_3'Flank_SNP_G-G-A""}","{""DRD5_GRCh38_4:9783725-9783725_3'UTR_SNP_G-G-C""}",0.01055409,4.00000011,379,4.00000011,0.01055409,1,0.01055409,19.94736842,0.010024993,inf,2,1,3
97,"{""ANKH_GRCh38_5:14711100-14711100_3'UTR_DEL_A-A--"", ""CTNNA2_GRCh38_2:80648490-80648490_3'UTR_DEL_T-T--""}","{""DRD5_GRCh38_4:9783725-9783725_3'UTR_SNP_G-G-C""}",0.01055409,4.00000011,379,4.00000011,0.01055409,1,0.01055409,19.94736842,0.010024993,inf,2,1,3
98,"{""ANKH_GRCh38_5:14711100-14711100_3'UTR_DEL_A-A--"", ""RC3H1_GRCh38_1:173938404-173938404_3'UTR_DEL_T-T--""}","{""DRD5_GRCh38_4:9783725-9783725_3'UTR_SNP_G-G-C""}",0.01055409,4.00000011,379,4.00000011,0.01055409,1,0.01055409,19.94736842,0.010024993,inf,2,1,3
99,"{""ANKH_GRCh38_5:14711100-14711100_3'UTR_DEL_A-A--"", ""DRD5_GRCh38_4:9783797-9783797_3'UTR_SNP_G-G-T""}","{""DRD5_GRCh38_4:9783725-9783725_3'UTR_SNP_G-G-C""}",0.01055409,4.00000011,379,4.00000011,0.01055409,1,0.01055409,19.94736842,0.010024993,inf,2,1,3
100,"{""AK2_GRCh38_1:33009897-33009897_3'Flank_DEL_A-A--"", ""DRD5_GRCh38_4:9783725-9783725_3'UTR_SNP_G-G-C""}","{""DDHD1_GRCh38_14:53046732-53046762_3'UTR_DEL_AATCAGTTTTAGGCCATTCATGTCCTTCAAG-AATCAGTTTTAGGCCATTCATGTCCTTCAAG-TCAGTTTTAGGCCATTCATGTCCTTCA""}",0.01055409,4.00000011,379,4.00000011,0.01055409,1,0.01055409,27.07142857,0.010164229,inf,2,1,3
101,"{""DRD5_GRCh38_4:9783797-9783797_3'UTR_SNP_G-G-T"", ""AK2_GRCh38_1:33009897-33009897_3'Flank_DEL_A-A--""}","{""DDHD1_GRCh38_14:53046732-53046762_3'UTR_DEL_AATCAGTTTTAGGCCATTCATGTCCTTCAAG-AATCAGTTTTAGGCCATTCATGTCCTTCAAG-TCAGTTTTAGGCCATTCATGTCCTTCA""}",0.01055409,4.00000011,379,4.00000011,0.01055409,1,0.01055409,27.07142857,0.010164229,inf,2,1,3
102,"{""DRD5_GRCh38_4:9783797-9783797_3'UTR_SNP_G-G-T"", ""AK2_GRCh38_1:33009897-33009897_3'Flank_DEL_A-A--""}","{""DRD5_GRCh38_4:9783725-9783725_3'UTR_SNP_G-G-C""}",0.01055409,4.00000011,379,4.00000011,0.01055409,1,0.01055409,19.94736842,0.010024993,inf,2,1,3
103,"{""AK2_GRCh38_1:33009897-33009897_3'Flank_DEL_A-A--"", ""DRD5_GRCh38_4:9783725-9783725_3'UTR_SNP_G-G-C""}","{""DRD5_GRCh38_4:9783797-9783797_3'UTR_SNP_G-G-T""}",0.01055409,4.00000011,379,4.00000011,0.01055409,1,0.01055409,27.07142857,0.010164229,inf,2,1,3
104,"{""CPEB2_GRCh38_4:15069344-15069344_3'Flank_DEL_A-A--"", ""CSNK1G1_GRCh38_15:64169061-64169061_3'UTR_DEL_A-A--""}",{'RPL22_GRCh38_1:6197725-6197725_Frame-Shift-Del_DEL_T-T--'},0.01055409,4.00000011,379,4.00000011,0.01055409,1,0.01055409,10.24324324,0.009523743,inf,2,1,3
105,"{'PTEN_GRCh38_10:87961054-87961055_Frame-Shift-Ins_INS_----A', ""CSNK1G1_GRCh38_15:64169061-64169061_3'UTR_DEL_A-A--""}",{'RPL22_GRCh38_1:6197725-6197725_Frame-Shift-Del_DEL_T-T--'},0.01055409,4.00000011,379,4.00000011,0.01055409,1,0.01055409,10.24324324,0.009523743,inf,2,1,3
106,"{'RPL22_GRCh38_1:6197725-6197725_Frame-Shift-Del_DEL_T-T--', ""IRX3_GRCh38_16:54283619-54283619_3'UTR_DEL_T-T--""}","{""ZFP91_GRCh38_11:58618955-58618955_3'UTR_DEL_T-T--""}",0.01055409,4.00000011,379,4.00000011,0.01055409,1,0.01055409,34.45454545,0.01024777,inf,2,1,3
107,"{'RPL22_GRCh38_1:6197725-6197725_Frame-Shift-Del_DEL_T-T--', ""C3orf70_GRCh38_3:185078064-185078064_3'UTR_DEL_A-A--""}","{""MAF_GRCh38_16:79596887-79596887_3'UTR_DEL_T-T--""}",0.01055409,4.00000011,379,4.00000011,0.01055409,1,0.01055409,42.11111111,0.010303465,inf,2,1,3
108,"{'SETD1B_GRCh38_12:121804752-121804752_Frame-Shift-Del_DEL_C-C--', 'ZBTB20_GRCh38_3:114339156-114339156_Frame-Shift-Del_DEL_G-G--'}","{""DRD5_GRCh38_4:9783797-9783797_3'UTR_SNP_G-G-T""}",0.01055409,4.00000011,379,4.00000011,0.01055409,1,0.01055409,27.07142857,0.010164229,inf,2,1,3
109,"{""DRD5_GRCh38_4:9783797-9783797_3'UTR_SNP_G-G-T"", ""BCL7A_GRCh38_12:122060792-122060792_3'UTR_DEL_T-T--""}",{'SETD1B_GRCh38_12:121804752-121804752_Frame-Shift-Del_DEL_C-C--'},0.01055409,4.00000011,379,4.00000011,0.01055409,1,0.01055409,22.29411765,0.010080687,inf,2,1,3
110,"{""DRD5_GRCh38_4:9783797-9783797_3'UTR_SNP_G-G-T"", ""MAF_GRCh38_16:79596887-79596887_3'UTR_DEL_T-T--""}","{""DRD5_GRCh38_4:9783725-9783725_3'UTR_SNP_G-G-C""}",0.01055409,4.00000011,379,4.00000011,0.01055409,1,0.01055409,19.94736842,0.010024993,inf,2,1,3
111,"{""BCL7A_GRCh38_12:122060792-122060792_3'UTR_DEL_T-T--"", ""DZIP1_GRCh38_13:95581343-95581343_3'UTR_DEL_A-A--""}","{""DRD5_GRCh38_4:9783725-9783725_3'UTR_SNP_G-G-C""}",0.01055409,4.00000011,379,4.00000011,0.01055409,1,0.01055409,19.94736842,0.010024993,inf,2,1,3
112,"{""CLVS1_GRCh38_8:61499736-61499736_3'UTR_DEL_T-T--"", ""TFAP2B_GRCh38_6:50847188-50847188_3'UTR_DEL_A-A--""}",{'RPL22_GRCh38_1:6197725-6197725_Frame-Shift-Del_DEL_T-T--'},0.01055409,4.00000011,379,4.00000011,0.01055409,1,0.01055409,10.24324324,0.009523743,inf,2,1,3
113,"{""NCOA3_GRCh38_20:47654241-47654241_3'Flank_DEL_T-T--"", ""TFAP2B_GRCh38_6:50847188-50847188_3'UTR_DEL_A-A--""}",{'RPL22_GRCh38_1:6197725-6197725_Frame-Shift-Del_DEL_T-T--'},0.01055409,4.00000011,379,4.00000011,0.01055409,1,0.01055409,10.24324324,0.009523743,inf,2,1,3
114,"{""MESDC1_GRCh38_15:81003922-81003922_3'UTR_DEL_T-T--"", ""ZFP91_GRCh38_11:58618955-58618955_3'UTR_DEL_T-T--""}",{'DOCK3_GRCh38_3:51380173-51380173_Frame-Shift-Del_DEL_C-C--'},0.01055409,4.00000011,379,4.00000011,0.01055409,1,0.01055409,12.63333333,0.009718674,inf,2,1,3
115,"{""MESDC1_GRCh38_15:81003922-81003922_3'UTR_DEL_T-T--"", ""NCOA3_GRCh38_20:47654241-47654241_3'Flank_DEL_T-T--""}",{'RPL22_GRCh38_1:6197725-6197725_Frame-Shift-Del_DEL_T-T--'},0.01055409,4.00000011,379,4.00000011,0.01055409,1,0.01055409,10.24324324,0.009523743,inf,2,1,3
116,"{""DRD5_GRCh38_4:9783797-9783797_3'UTR_SNP_G-G-T"", 'CHD3_GRCh38_17:7895447-7895447_Frame-Shift-Del_DEL_C-C--'}","{""DDHD1_GRCh38_14:53046732-53046762_3'UTR_DEL_AATCAGTTTTAGGCCATTCATGTCCTTCAAG-AATCAGTTTTAGGCCATTCATGTCCTTCAAG-TCAGTTTTAGGCCATTCATGTCCTTCA""}",0.01055409,4.00000011,379,4.00000011,0.01055409,1,0.01055409,27.07142857,0.010164229,inf,2,1,3
117,"{""NCOA3_GRCh38_20:47654241-47654241_3'Flank_DEL_T-T--"", ""FAT1_GRCh38_4:186588258-186588258_3'UTR_DEL_A-A--""}","{""DDHD1_GRCh38_14:53046732-53046762_3'UTR_DEL_AATCAGTTTTAGGCCATTCATGTCCTTCAAG-AATCAGTTTTAGGCCATTCATGTCCTTCAAG-TCAGTTTTAGGCCATTCATGTCCTTCA""}",0.01055409,4.00000011,379,4.00000011,0.01055409,1,0.01055409,27.07142857,0.010164229,inf,2,1,3
118,"{""DDHD1_GRCh38_14:53046732-53046762_3'UTR_DEL_AATCAGTTTTAGGCCATTCATGTCCTTCAAG-AATCAGTTTTAGGCCATTCATGTCCTTCAAG-TCAGTTTTAGGCCATTCATGTCCTTCA"", ""FAT1_GRCh38_4:186588258-186588258_3'UTR_DEL_A-A--""}","{""NCOA3_GRCh38_20:47654241-47654241_3'Flank_DEL_T-T--""}",0.01055409,4.00000011,379,4.00000011,0.01055409,1,0.01055409,18.04761905,0.009969298,inf,2,1,3
119,"{""DRD5_GRCh38_4:9783725-9783725_3'UTR_SNP_G-G-C"", 'ZBTB20_GRCh38_3:114339156-114339156_Frame-Shift-Del_DEL_G-G--'}","{""DRD5_GRCh38_4:9783797-9783797_3'UTR_SNP_G-G-T""}",0.01055409,4.00000011,379,4.00000011,0.01055409,1,0.01055409,27.07142857,0.010164229,inf,2,1,3
120,"{'DOCK3_GRCh38_3:51380173-51380173_Frame-Shift-Del_DEL_C-C--', ""TMEM184B_GRCh38_22:38219530-38219530_3'UTR_SNP_A-A-T""}",{'BCAS3_GRCh38_17:61388620-61388620_Intron_DEL_A-A--'},0.01055409,4.00000011,379,4.00000011,0.01055409,1,0.01055409,37.9,0.010275618,inf,2,1,3
121,"{""DRD5_GRCh38_4:9783797-9783797_3'UTR_SNP_G-G-T"", 'DOCK3_GRCh38_3:51380173-51380173_Frame-Shift-Del_DEL_C-C--'}","{""DRD5_GRCh38_4:9783725-9783725_3'UTR_SNP_G-G-C""}",0.01055409,4.00000011,379,4.00000011,0.01055409,1,0.01055409,19.94736842,0.010024993,inf,2,1,3
122,"{'DOCK3_GRCh38_3:51380173-51380173_Frame-Shift-Del_DEL_C-C--', ""TMC7_GRCh38_16:19062626-19062626_3'UTR_DEL_A-A--""}",{'RPL22_GRCh38_1:6197725-6197725_Frame-Shift-Del_DEL_T-T--'},0.01055409,4.00000011,379,4.00000011,0.01055409,1,0.01055409,10.24324324,0.009523743,inf,2,1,3
123,"{""ZFP91_GRCh38_11:58618955-58618955_3'UTR_DEL_T-T--"", ""BTBD7_GRCh38_14:93241685-93241685_3'UTR_DEL_A-A--""}",{'RPL22_GRCh38_1:6197725-6197725_Frame-Shift-Del_DEL_T-T--'},0.01055409,4.00000011,379,4.00000011,0.01055409,1,0.01055409,10.24324324,0.009523743,inf,2,1,3
124,"{""FAM222A_GRCh38_12:109770395-109770395_3'UTR_DEL_T-T--"", ""DRD5_GRCh38_4:9783797-9783797_3'UTR_SNP_G-G-T""}","{""BTBD7_GRCh38_14:93241685-93241685_3'UTR_DEL_A-A--""}",0.01055409,4.00000011,379,4.00000011,0.01055409,1,0.01055409,22.29411765,0.010080687,inf,2,1,3
125,"{'ACVR2A_GRCh38_2:147926117-147926117_Frame-Shift-Del_DEL_A-A--', ""TCERG1_GRCh38_5:146511047-146511047_3'UTR_DEL_T-T--""}","{""CSNK1A1_GRCh38_5:149496155-149496155_3'UTR_DEL_T-T--""}",0.01055409,4.00000011,379,4.00000011,0.01055409,1,0.01055409,37.9,0.010275618,inf,2,1,3
126,"{""CLVS1_GRCh38_8:61499736-61499736_3'UTR_DEL_T-T--"", ""GRIA2_GRCh38_4:157221000-157221000_5'UTR_DEL_A-A--""}",{'RPL22_GRCh38_1:6197725-6197725_Frame-Shift-Del_DEL_T-T--'},0.01055409,4.00000011,379,4.00000011,0.01055409,1,0.01055409,10.24324324,0.009523743,inf,2,1,3
127,"{""DRD5_GRCh38_4:9783797-9783797_3'UTR_SNP_G-G-T"", 'DENND1C_GRCh38_19:6477240-6477240_Frame-Shift-Del_DEL_G-G--'}","{""DRD5_GRCh38_4:9783725-9783725_3'UTR_SNP_G-G-C""}",0.01055409,4.00000011,379,4.00000011,0.01055409,1,0.01055409,19.94736842,0.010024993,inf,2,1,3
128,"{""DRD5_GRCh38_4:9783797-9783797_3'UTR_SNP_G-G-T"", ""API5_GRCh38_11:43343196-43343196_3'Flank_SNP_G-G-A""}","{""DRD5_GRCh38_4:9783725-9783725_3'UTR_SNP_G-G-C""}",0.01055409,4.00000011,379,4.00000011,0.01055409,1,0.01055409,19.94736842,0.010024993,inf,2,1,3
129,"{""ZNF503_GRCh38_10:75398140-75398140_3'UTR_DEL_T-T--"", ""CLVS1_GRCh38_8:61499736-61499736_3'UTR_DEL_T-T--""}",{'DPF3_GRCh38_14:72670105-72670105_Intron_DEL_A-A--'},0.01055409,4.00000011,379,4.00000011,0.01055409,1,0.01055409,34.45454545,0.01024777,inf,2,1,3
130,"{""ZNF503_GRCh38_10:75398140-75398140_3'UTR_DEL_T-T--"", 'DPF3_GRCh38_14:72670105-72670105_Intron_DEL_A-A--'}","{""CLVS1_GRCh38_8:61499736-61499736_3'UTR_DEL_T-T--""}",0.01055409,4.00000011,379,4.00000011,0.01055409,1,0.01055409,27.07142857,0.010164229,inf,2,1,3
131,"{""DRD5_GRCh38_4:9783797-9783797_3'UTR_SNP_G-G-T"", ""BCL7A_GRCh38_12:122060792-122060792_3'UTR_DEL_T-T--""}","{""DRD5_GRCh38_4:9783725-9783725_3'UTR_SNP_G-G-C""}",0.01055409,4.00000011,379,4.00000011,0.01055409,1,0.01055409,19.94736842,0.010024993,inf,2,1,3
132,"{""DRD5_GRCh38_4:9783797-9783797_3'UTR_SNP_G-G-T"", ""CTNNA2_GRCh38_2:80648490-80648490_3'UTR_DEL_T-T--""}",{'RPL22_GRCh38_1:6197725-6197725_Frame-Shift-Del_DEL_T-T--'},0.01055409,4.00000011,379,4.00000011,0.01055409,1,0.01055409,10.24324324,0.009523743,inf,2,1,3
133,"{""FBXO48_GRCh38_2:68464197-68464197_3'UTR_DEL_T-T--"", 'RPL22_GRCh38_1:6197725-6197725_Frame-Shift-Del_DEL_T-T--'}","{""DRD5_GRCh38_4:9783725-9783725_3'UTR_SNP_G-G-C""}",0.01055409,4.00000011,379,4.00000011,0.01055409,1,0.01055409,19.94736842,0.010024993,inf,2,1,3
134,"{""FBXO48_GRCh38_2:68464197-68464197_3'UTR_DEL_T-T--"", ""DRD5_GRCh38_4:9783725-9783725_3'UTR_SNP_G-G-C""}",{'RPL22_GRCh38_1:6197725-6197725_Frame-Shift-Del_DEL_T-T--'},0.01055409,4.00000011,379,4.00000011,0.01055409,1,0.01055409,10.24324324,0.009523743,inf,2,1,3
135,"{""DRD5_GRCh38_4:9783725-9783725_3'UTR_SNP_G-G-C"", 'DPF3_GRCh38_14:72670105-72670105_Intron_DEL_A-A--'}",{'RPL22_GRCh38_1:6197725-6197725_Frame-Shift-Del_DEL_T-T--'},0.01055409,4.00000011,379,4.00000011,0.01055409,1,0.01055409,10.24324324,0.009523743,inf,2,1,3
136,"{'FOXP2_GRCh38_7:114644803-114644803_Intron_DEL_T-T--', ""DRD5_GRCh38_4:9783797-9783797_3'UTR_SNP_G-G-T""}","{""DRD5_GRCh38_4:9783725-9783725_3'UTR_SNP_G-G-C""}",0.01055409,4.00000011,379,4.00000011,0.01055409,1,0.01055409,19.94736842,0.010024993,inf,2,1,3
137,"{'FOXP2_GRCh38_7:114644803-114644803_Intron_DEL_T-T--', ""DRD5_GRCh38_4:9783725-9783725_3'UTR_SNP_G-G-C""}","{""DRD5_GRCh38_4:9783797-9783797_3'UTR_SNP_G-G-T""}",0.01055409,4.00000011,379,4.00000011,0.01055409,1,0.01055409,27.07142857,0.010164229,inf,2,1,3
138,"{""RC3H1_GRCh38_1:173938404-173938404_3'UTR_DEL_T-T--"", ""ZFP91_GRCh38_11:58618955-58618955_3'UTR_DEL_T-T--""}",{'RPL22_GRCh38_1:6197725-6197725_Frame-Shift-Del_DEL_T-T--'},0.01055409,4.00000011,379,4.00000011,0.01055409,1,0.01055409,10.24324324,0.009523743,inf,2,1,3
139,"{""ASB7_GRCh38_15:100649089-100649089_3'UTR_DEL_T-T--"", ""SIKE1_GRCh38_1:114773844-114773844_3'UTR_DEL_A-A--""}",{'RPL22_GRCh38_1:6197725-6197725_Frame-Shift-Del_DEL_T-T--'},0.01055409,4.00000011,379,4.00000011,0.01055409,1,0.01055409,10.24324324,0.009523743,inf,2,1,3
140,"{'JAK1_GRCh38_1:64841314-64841314_Frame-Shift-Del_DEL_T-T--', ""ZFP91_GRCh38_11:58618955-58618955_3'UTR_DEL_T-T--""}",{'RPL22_GRCh38_1:6197725-6197725_Frame-Shift-Del_DEL_T-T--'},0.01055409,4.00000011,379,4.00000011,0.01055409,1,0.01055409,10.24324324,0.009523743,inf,2,1,3
141,"{'JAK1_GRCh38_1:64841314-64841314_Frame-Shift-Del_DEL_T-T--', ""ZFP91_GRCh38_11:58618955-58618955_3'UTR_DEL_T-T--""}","{""DRD5_GRCh38_4:9783797-9783797_3'UTR_SNP_G-G-T""}",0.01055409,4.00000011,379,4.00000011,0.01055409,1,0.01055409,27.07142857,0.010164229,inf,2,1,3
142,"{'JAK1_GRCh38_1:64841314-64841314_Frame-Shift-Del_DEL_T-T--', ""DONSON_GRCh38_21:33575583-33575583_3'Flank_DEL_T-T--""}",{'ACVR2A_GRCh38_2:147926117-147926117_Frame-Shift-Del_DEL_A-A--'},0.01055409,4.00000011,379,4.00000011,0.01055409,1,0.01055409,18.04761905,0.009969298,inf,2,1,3
143,"{""DRD5_GRCh38_4:9783797-9783797_3'UTR_SNP_G-G-T"", ""NCOA3_GRCh38_20:47654241-47654241_3'Flank_DEL_T-T--""}",{'RPL22_GRCh38_1:6197725-6197725_Frame-Shift-Del_DEL_T-T--'},0.01055409,4.00000011,379,4.00000011,0.01055409,1,0.01055409,10.24324324,0.009523743,inf,2,1,3
